0000123300001000800000805F9B34FB	Deprecated Fast Pair Model ID
0000123400001000800000805F9B34FB	Deprecated Fast Pair Key-based Pairing
0000123500001000800000805F9B34FB	Deprecated Fast Pair Passkey
0000123600001000800000805F9B34FB	Deprecated Fast Pair Account Key
0000123700001000800000805F9B34FB	Deprecated Fast Pair Data
0000152400001000800000805F9B34FB	Throughput Characteristic
000015241212EFDE1523785FEABCD123	Blinky Button State
000015251212EFDE1523785FEABCD123	Blinky LED State
000015311212EFDE1523785FEABCD123	Legacy DFU Control Point
000015321212EFDE1523785FEABCD123	Legacy DFU Packet
000015341212EFDE1523785FEABCD123	Legacy DFU Version
000016241212EFDE1623785FEABCD123	LEGO® Wireless Protocol v3 Hub Characteristic
000016261212EFDE1623785FEABCD123	LEGO® Wireless Protocol v3 Bootloader Characteristic
00002A0000001000800000805F9B34FB	Device Name
00002A0100001000800000805F9B34FB	Appearance
00002A0200001000800000805F9B34FB	Peripheral Privacy Flag
00002A0300001000800000805F9B34FB	Reconnection Address
00002A0400001000800000805F9B34FB	Peripheral Preferred Connection Parameters
00002A0500001000800000805F9B34FB	Service Changed
00002A0600001000800000805F9B34FB	Alert Level
00002A0700001000800000805F9B34FB	Tx Power Level
00002A0800001000800000805F9B34FB	Date Time
00002A0900001000800000805F9B34FB	Day of Week
00002A0A00001000800000805F9B34FB	Day Date Time
00002A0B00001000800000805F9B34FB	Exact Time 100
00002A0C00001000800000805F9B34FB	Exact Time 256
00002A0D00001000800000805F9B34FB	DST Offset
00002A0E00001000800000805F9B34FB	Time Zone
00002A0F00001000800000805F9B34FB	Local Time Information
00002A1000001000800000805F9B34FB	Secondary Time Zone
00002A1100001000800000805F9B34FB	Time with DST
00002A1200001000800000805F9B34FB	Time Accuracy
00002A1300001000800000805F9B34FB	Time Source
00002A1400001000800000805F9B34FB	Reference Time Information
00002A1500001000800000805F9B34FB	Time Broadcast
00002A1600001000800000805F9B34FB	Time Update Control Point
00002A1700001000800000805F9B34FB	Time Update State
00002A1800001000800000805F9B34FB	Glucose Measurement
00002A1900001000800000805F9B34FB	Battery Level
00002A1A00001000800000805F9B34FB	Battery Power State
00002A1B00001000800000805F9B34FB	Battery Level State
00002A1C00001000800000805F9B34FB	Temperature Measurement
00002A1D00001000800000805F9B34FB	Temperature Type
00002A1E00001000800000805F9B34FB	Intermediate Temperature
00002A1F00001000800000805F9B34FB	Temperature Celsius
00002A2000001000800000805F9B34FB	Temperature Fahrenheit
00002A2100001000800000805F9B34FB	Measurement Interval
00002A2200001000800000805F9B34FB	Boot Keyboard Input Report
00002A2300001000800000805F9B34FB	System ID
00002A2400001000800000805F9B34FB	Model Number String
00002A2500001000800000805F9B34FB	Serial Number String
00002A2600001000800000805F9B34FB	Firmware Revision String
00002A2700001000800000805F9B34FB	Hardware Revision String
00002A2800001000800000805F9B34FB	Software Revision String
00002A2900001000800000805F9B34FB	Manufacturer Name String
00002A2A00001000800000805F9B34FB	IEEE 11073-20601 Regulatory Certification Data List
00002A2B00001000800000805F9B34FB	Current Time
00002A2C00001000800000805F9B34FB	Magnetic Declination
00002A2F00001000800000805F9B34FB	Position 2D
00002A3000001000800000805F9B34FB	Position 3D
00002A3100001000800000805F9B34FB	Scan Refresh
00002A3200001000800000805F9B34FB	Boot Keyboard Output Report
00002A3300001000800000805F9B34FB	Boot Mouse Input Report
00002A3400001000800000805F9B34FB	Glucose Measurement Context
00002A3500001000800000805F9B34FB	Blood Pressure Measurement
00002A3600001000800000805F9B34FB	Intermediate Cuff Pressure
00002A3700001000800000805F9B34FB	Heart Rate Measurement
00002A3800001000800000805F9B34FB	Body Sensor Location
00002A3900001000800000805F9B34FB	Heart Rate Control Point
00002A3A00001000800000805F9B34FB	Removable
00002A3B00001000800000805F9B34FB	Service Required
00002A3C00001000800000805F9B34FB	Scientific Temperature Celsius
00002A3D00001000800000805F9B34FB	String
00002A3E00001000800000805F9B34FB	Network Availability
00002A3F00001000800000805F9B34FB	Alert Status
00002A4000001000800000805F9B34FB	Ringer Control point
00002A4100001000800000805F9B34FB	Ringer Setting
00002A4200001000800000805F9B34FB	Alert Category ID Bit Mask
00002A4300001000800000805F9B34FB	Alert Category ID
00002A4400001000800000805F9B34FB	Alert Notification Control Point
00002A4500001000800000805F9B34FB	Unread Alert Status
00002A4600001000800000805F9B34FB	New Alert
00002A4700001000800000805F9B34FB	Supported New Alert Category
00002A4800001000800000805F9B34FB	Supported Unread Alert Category
00002A4900001000800000805F9B34FB	Blood Pressure Feature
00002A4A00001000800000805F9B34FB	HID Information
00002A4B00001000800000805F9B34FB	Report Map
00002A4C00001000800000805F9B34FB	HID Control Point
00002A4D00001000800000805F9B34FB	Report
00002A4E00001000800000805F9B34FB	Protocol Mode
00002A4F00001000800000805F9B34FB	Scan Interval Window
00002A5000001000800000805F9B34FB	PnP ID
00002A5100001000800000805F9B34FB	Glucose Feature
00002A5200001000800000805F9B34FB	Record Access Control Point
00002A5300001000800000805F9B34FB	RSC Measurement
00002A5400001000800000805F9B34FB	RSC Feature
00002A5500001000800000805F9B34FB	SC Control Point
00002A5600001000800000805F9B34FB	Digital
00002A5700001000800000805F9B34FB	Digital Output
00002A5800001000800000805F9B34FB	Analog
00002A5900001000800000805F9B34FB	Analog Output
00002A5A00001000800000805F9B34FB	Aggregate
00002A5B00001000800000805F9B34FB	CSC Measurement
00002A5C00001000800000805F9B34FB	CSC Feature
00002A5D00001000800000805F9B34FB	Sensor Location
00002A5E00001000800000805F9B34FB	PLX Spot-Check Measurement
00002A5F00001000800000805F9B34FB	PLX Continuous Measurement Characteristic
00002A6000001000800000805F9B34FB	PLX Features
00002A6200001000800000805F9B34FB	Pulse Oximetry Control Point
00002A6300001000800000805F9B34FB	Cycling Power Measurement
00002A6400001000800000805F9B34FB	Cycling Power Vector
00002A6500001000800000805F9B34FB	Cycling Power Feature
00002A6600001000800000805F9B34FB	Cycling Power Control Point
00002A6700001000800000805F9B34FB	Location and Speed Characteristic
00002A6800001000800000805F9B34FB	Navigation
00002A6900001000800000805F9B34FB	Position Quality
00002A6A00001000800000805F9B34FB	LN Feature
00002A6B00001000800000805F9B34FB	LN Control Point
00002A6C00001000800000805F9B34FB	Elevation
00002A6D00001000800000805F9B34FB	Pressure
00002A6E00001000800000805F9B34FB	Temperature
00002A6F00001000800000805F9B34FB	Humidity
00002A7000001000800000805F9B34FB	True Wind Speed
00002A7100001000800000805F9B34FB	True Wind Direction
00002A7200001000800000805F9B34FB	Apparent Wind Speed
00002A7300001000800000805F9B34FB	Apparent Wind Direction
00002A7400001000800000805F9B34FB	Gust Factor
00002A7500001000800000805F9B34FB	Pollen Concentration
00002A7600001000800000805F9B34FB	UV Index
00002A7700001000800000805F9B34FB	Irradiance
00002A7800001000800000805F9B34FB	Rainfall
00002A7900001000800000805F9B34FB	Wind Chill
00002A7A00001000800000805F9B34FB	Heat Index
00002A7B00001000800000805F9B34FB	Dew Point
00002A7D00001000800000805F9B34FB	Descriptor Value Changed
00002A7E00001000800000805F9B34FB	Aerobic Heart Rate Lower Limit
00002A7F00001000800000805F9B34FB	Aerobic Threshold
00002A8000001000800000805F9B34FB	Age
00002A8100001000800000805F9B34FB	Anaerobic Heart Rate Lower Limit
00002A8200001000800000805F9B34FB	Anaerobic Heart Rate Upper Limit
00002A8300001000800000805F9B34FB	Anaerobic Threshold
00002A8400001000800000805F9B34FB	Aerobic Heart Rate Upper Limit
00002A8500001000800000805F9B34FB	Date of Birth
00002A8600001000800000805F9B34FB	Date of Threshold Assessment
00002A8700001000800000805F9B34FB	Email Address
00002A8800001000800000805F9B34FB	Fat Burn Heart Rate Lower Limit
00002A8900001000800000805F9B34FB	Fat Burn Heart Rate Upper Limit
00002A8A00001000800000805F9B34FB	First Name
00002A8B00001000800000805F9B34FB	Five Zone Heart Rate Limits
00002A8C00001000800000805F9B34FB	Gender
00002A8D00001000800000805F9B34FB	Heart Rate Max
00002A8E00001000800000805F9B34FB	Height
00002A8F00001000800000805F9B34FB	Hip Circumference
00002A9000001000800000805F9B34FB	Last Name
00002A9100001000800000805F9B34FB	Maximum Recommended Heart Rate
00002A9200001000800000805F9B34FB	Resting Heart Rate
00002A9300001000800000805F9B34FB	Sport Type for Aerobic and Anaerobic Thresholds
00002A9400001000800000805F9B34FB	Three Zone Heart Rate Limits
00002A9500001000800000805F9B34FB	Two Zone Heart Rate Limit
00002A9600001000800000805F9B34FB	VO2 Max
00002A9700001000800000805F9B34FB	Waist Circumference
00002A9800001000800000805F9B34FB	Weight
00002A9900001000800000805F9B34FB	Database Change Increment
00002A9A00001000800000805F9B34FB	User Index
00002A9B00001000800000805F9B34FB	Body Composition Feature
00002A9C00001000800000805F9B34FB	Body Composition Measurement
00002A9D00001000800000805F9B34FB	Weight Measurement
00002A9E00001000800000805F9B34FB	Weight Scale Feature
00002A9F00001000800000805F9B34FB	User Control Point
00002AA000001000800000805F9B34FB	Magnetic Flux Density - 2D
00002AA100001000800000805F9B34FB	Magnetic Flux Density - 3D
00002AA200001000800000805F9B34FB	Language
00002AA300001000800000805F9B34FB	Barometric Pressure Trend
00002AA400001000800000805F9B34FB	Bond Management Control Point
00002AA500001000800000805F9B34FB	Bond Management Features
00002AA600001000800000805F9B34FB	Central Address Resolution
00002AA700001000800000805F9B34FB	CGM Measurement
00002AA800001000800000805F9B34FB	CGM Feature
00002AA900001000800000805F9B34FB	CGM Status
00002AAA00001000800000805F9B34FB	CGM Session Start Time
00002AAB00001000800000805F9B34FB	CGM Session Run Time
00002AAC00001000800000805F9B34FB	CGM Specific Ops Control Point
00002AAD00001000800000805F9B34FB	Indoor Positioning Configuration
00002AAE00001000800000805F9B34FB	Latitude
00002AAF00001000800000805F9B34FB	Longitude
00002AB000001000800000805F9B34FB	Local North Coordinate
00002AB100001000800000805F9B34FB	Local East Coordinate
00002AB200001000800000805F9B34FB	Floor Number
00002AB300001000800000805F9B34FB	Altitude
00002AB400001000800000805F9B34FB	Uncertainty
00002AB500001000800000805F9B34FB	Location Name
00002AB600001000800000805F9B34FB	URI
00002AB700001000800000805F9B34FB	HTTP Headers
00002AB800001000800000805F9B34FB	HTTP Status Code
00002AB900001000800000805F9B34FB	HTTP Entity Body
00002ABA00001000800000805F9B34FB	HTTP Control Point
00002ABB00001000800000805F9B34FB	HTTPS Security
00002ABC00001000800000805F9B34FB	TDS Control Point
00002ABD00001000800000805F9B34FB	OTS Feature
00002ABE00001000800000805F9B34FB	Object Name
00002ABF00001000800000805F9B34FB	Object Type
00002AC000001000800000805F9B34FB	Object Size
00002AC100001000800000805F9B34FB	Object First-Created
00002AC200001000800000805F9B34FB	Object Last-Modified
00002AC300001000800000805F9B34FB	Object ID
00002AC400001000800000805F9B34FB	Object Properties
00002AC500001000800000805F9B34FB	Object Action Control Point
00002AC600001000800000805F9B34FB	Object List Control Point
00002AC700001000800000805F9B34FB	Object List Filter
00002AC800001000800000805F9B34FB	Object Changed
00002AC900001000800000805F9B34FB	Resolvable Private Address Only
00002ACC00001000800000805F9B34FB	Fitness Machine Feature
00002ACD00001000800000805F9B34FB	Treadmill Data
00002ACE00001000800000805F9B34FB	Cross Trainer Data
00002ACF00001000800000805F9B34FB	Step Climber Data
00002AD000001000800000805F9B34FB	Stair Climber Data
00002AD100001000800000805F9B34FB	Rower Data
00002AD200001000800000805F9B34FB	Indoor Bike Data
00002AD300001000800000805F9B34FB	Training Status
00002AD400001000800000805F9B34FB	Supported Speed Range
00002AD500001000800000805F9B34FB	Supported Inclination Range
00002AD600001000800000805F9B34FB	Supported Resistance Level Range
00002AD700001000800000805F9B34FB	Supported Heart Rate Range
00002AD800001000800000805F9B34FB	Supported Power Range
00002AD900001000800000805F9B34FB	Fitness Machine Control Point
00002ADA00001000800000805F9B34FB	Fitness Machine Status
00002ADB00001000800000805F9B34FB	Mesh Provisioning Data In
00002ADC00001000800000805F9B34FB	Mesh Provisioning Data Out
00002ADD00001000800000805F9B34FB	Mesh Proxy Data In
00002ADE00001000800000805F9B34FB	Mesh Proxy Data Out
00002AE000001000800000805F9B34FB	Average Current
00002AE100001000800000805F9B34FB	Average Voltage
00002AE200001000800000805F9B34FB	Boolean
00002AE300001000800000805F9B34FB	Chromatic Distance From Planckian
00002AE400001000800000805F9B34FB	Chromaticity Coordinates
00002AE500001000800000805F9B34FB	Chromaticity In CCT And Duv Values
00002AE600001000800000805F9B34FB	Chromaticity Tolerance
00002AE700001000800000805F9B34FB	CIE 13.3-1995 Color Rendering Index
00002AE800001000800000805F9B34FB	Coefficient
00002AE900001000800000805F9B34FB	Correlated Color Temperature
00002AEA00001000800000805F9B34FB	Count 16
00002AEB00001000800000805F9B34FB	Count 24
00002AEC00001000800000805F9B34FB	Country Code
00002AED00001000800000805F9B34FB	Date UTC
00002AEE00001000800000805F9B34FB	Electric Current
00002AEF00001000800000805F9B34FB	Electric Current Range
00002AF000001000800000805F9B34FB	Electric Current Specification
00002AF100001000800000805F9B34FB	Electric Current Statistics
00002AF200001000800000805F9B34FB	Energy
00002AF300001000800000805F9B34FB	Energy In A Period Of Day
00002AF400001000800000805F9B34FB	Event Statistics
00002AF500001000800000805F9B34FB	Fixed String 16
00002AF600001000800000805F9B34FB	Fixed String 24
00002AF700001000800000805F9B34FB	Fixed String 36
00002AF800001000800000805F9B34FB	Fixed String 8
00002AF900001000800000805F9B34FB	Generic Level
00002AFA00001000800000805F9B34FB	Global Trade Item Number
00002AFB00001000800000805F9B34FB	Illuminance
00002AFC00001000800000805F9B34FB	Luminous Efficacy
00002AFD00001000800000805F9B34FB	Luminous Energy
00002AFE00001000800000805F9B34FB	Luminous Exposure
00002AFF00001000800000805F9B34FB	Luminous Flux
00002B0000001000800000805F9B34FB	Luminous Flux Range
00002B0100001000800000805F9B34FB	Luminous Intensity
00002B0200001000800000805F9B34FB	B02 Mass Flow
00002B0300001000800000805F9B34FB	Perceived Lightness
00002B0400001000800000805F9B34FB	Percentage 8
00002B0500001000800000805F9B34FB	Power
00002B0600001000800000805F9B34FB	Power Specification
00002B0700001000800000805F9B34FB	Relative Runtime In A Current Range
00002B0800001000800000805F9B34FB	Relative Runtime In A Generic Level Range
00002B0900001000800000805F9B34FB	Relative Value In A Voltage Range
00002B0A00001000800000805F9B34FB	Relative Value In An Illuminance Range
00002B0B00001000800000805F9B34FB	Relative Value In A Period Of Day
00002B0C00001000800000805F9B34FB	Relative Value In A Temperature Range
00002B0D00001000800000805F9B34FB	Temperature 8
00002B0E00001000800000805F9B34FB	Temperature 8 In A Period Of Day
00002B0F00001000800000805F9B34FB	Temperature 8 Statistics
00002B1000001000800000805F9B34FB	Temperature Range
00002B1100001000800000805F9B34FB	Temperature Statistics
00002B1200001000800000805F9B34FB	Time Decihour 8
00002B1300001000800000805F9B34FB	Time Exponential 8
00002B1400001000800000805F9B34FB	Time Hour 24
00002B1500001000800000805F9B34FB	Time Millisecond 24
00002B1600001000800000805F9B34FB	Time Second 16
00002B1700001000800000805F9B34FB	Time Second 8
00002B1800001000800000805F9B34FB	Voltage
00002B1900001000800000805F9B34FB	Voltage Specification
00002B1A00001000800000805F9B34FB	Voltage Statistics
00002B1B00001000800000805F9B34FB	Volume Flow
00002B1C00001000800000805F9B34FB	Chromaticity Coordinate
00002B1D00001000800000805F9B34FB	RC Feature
00002B1E00001000800000805F9B34FB	RC Settings
00002B1F00001000800000805F9B34FB	Reconnection Configuration Control Point
00002B2000001000800000805F9B34FB	IDD Status Changed
00002B2100001000800000805F9B34FB	IDD Status
00002B2200001000800000805F9B34FB	IDD Annunciation Status
00002B2300001000800000805F9B34FB	IDD Features
00002B2400001000800000805F9B34FB	IDD Status Reader Control Point
00002B2500001000800000805F9B34FB	IDD Command Control Point
00002B2600001000800000805F9B34FB	IDD Command Data
00002B2700001000800000805F9B34FB	IDD Record Access Control Point
00002B2800001000800000805F9B34FB	IDD History Data
00002B2900001000800000805F9B34FB	Client Supported Features
00002B2A00001000800000805F9B34FB	Database Hash
00002B2B00001000800000805F9B34FB	BSS Control Point
00002B2C00001000800000805F9B34FB	BSS Response
00002B2D00001000800000805F9B34FB	Emergency ID
00002B2E00001000800000805F9B34FB	Emergency Text
00002B3400001000800000805F9B34FB	Enhanced Blood Pressure Measurement
00002B3500001000800000805F9B34FB	Enhanced Intermediate Cuff Pressure
00002B3600001000800000805F9B34FB	Blood Pressure Record
00002B3800001000800000805F9B34FB	BR-EDR Handover Data
00002B3900001000800000805F9B34FB	Bluetooth SIG Data
00002B3A00001000800000805F9B34FB	Server Supported Features
00002B3B00001000800000805F9B34FB	Physical Activity Monitor Features
00002B3C00001000800000805F9B34FB	General Activity Instantaneous Data
00002B3D00001000800000805F9B34FB	General Activity Summary Data
00002B3E00001000800000805F9B34FB	CardioRespiratory Activity Instantaneous Data
00002B3F00001000800000805F9B34FB	CardioRespiratory Activity Summary Data
00002B4000001000800000805F9B34FB	Step Counter Activity Summary Data
00002B4100001000800000805F9B34FB	Sleep Activity Instantaneous Data
00002B4200001000800000805F9B34FB	Sleep Activity Summary Data
00002B4300001000800000805F9B34FB	Physical Activity Monitor Control Point
00002B4400001000800000805F9B34FB	Activity Current Session
00002B4500001000800000805F9B34FB	Physical Activity Session Descriptor
00002B4600001000800000805F9B34FB	Preferred Units
00002B4700001000800000805F9B34FB	High Resolution Height
00002B4800001000800000805F9B34FB	Middle Name
00002B4900001000800000805F9B34FB	Stride Length
00002B4A00001000800000805F9B34FB	Handedness
00002B4B00001000800000805F9B34FB	Device Wearing Position
00002B4C00001000800000805F9B34FB	Four Zone Heart Rate Limits
00002B4D00001000800000805F9B34FB	High Intensity Exercise Threshold
00002B4E00001000800000805F9B34FB	Activity Goal
00002B4F00001000800000805F9B34FB	Sedentary Interval Notification
00002B5000001000800000805F9B34FB	Caloric Intake
00002B5100001000800000805F9B34FB	TMAP Role
00002B7700001000800000805F9B34FB	Audio Input State
00002B7800001000800000805F9B34FB	Gain Settings Attribute
00002B7900001000800000805F9B34FB	Audio Input Type
00002B7A00001000800000805F9B34FB	Audio Input Status
00002B7B00001000800000805F9B34FB	Audio Input Control Point
00002B7C00001000800000805F9B34FB	Audio Input Description
00002B7D00001000800000805F9B34FB	Volume State
00002B7E00001000800000805F9B34FB	Volume Control Point
00002B7F00001000800000805F9B34FB	Volume Flags
00002B8000001000800000805F9B34FB	Volume Offset State
00002B8100001000800000805F9B34FB	Audio Location
00002B8200001000800000805F9B34FB	Volume Offset Control Point
00002B8300001000800000805F9B34FB	Audio Output Description
00002B8400001000800000805F9B34FB	Set Identity Resolving Key
00002B8500001000800000805F9B34FB	Coordinated Set Size
00002B8600001000800000805F9B34FB	Set Member Lock
00002B8700001000800000805F9B34FB	Set Member Rank
00002B8C00001000800000805F9B34FB	Carbon Dioxide Concentration
00002B8E00001000800000805F9B34FB	Device Time Feature
00002B8F00001000800000805F9B34FB	Device Time Parameters
00002B9000001000800000805F9B34FB	Device Time
00002B9100001000800000805F9B34FB	Device Time Control Point
00002B9200001000800000805F9B34FB	Time Change Log Data
00002B9300001000800000805F9B34FB	Media Player Name
00002B9400001000800000805F9B34FB	Media Player Icon Object ID
00002B9500001000800000805F9B34FB	Media Player Icon URL
00002B9600001000800000805F9B34FB	Track Changed
00002B9700001000800000805F9B34FB	Track Title
00002B9800001000800000805F9B34FB	Track Duration
00002B9900001000800000805F9B34FB	Track Position
00002B9A00001000800000805F9B34FB	Playback Speed
00002B9B00001000800000805F9B34FB	Seeking Speed
00002B9C00001000800000805F9B34FB	Current Track Segments Object ID
00002B9D00001000800000805F9B34FB	Current Track Object ID
00002B9E00001000800000805F9B34FB	Next Track Object ID
00002B9F00001000800000805F9B34FB	Parent Group Object ID
00002BA000001000800000805F9B34FB	Current Group Object ID
00002BA100001000800000805F9B34FB	Playing Order
00002BA200001000800000805F9B34FB	Playing Orders Supported
00002BA300001000800000805F9B34FB	Media State
00002BA400001000800000805F9B34FB	Media Control Point
00002BA500001000800000805F9B34FB	Media Control Point Opcodes Supported
00002BA600001000800000805F9B34FB	Search Results Object ID
00002BA700001000800000805F9B34FB	Search Control Point
00002BA900001000800000805F9B34FB	Media Player Icon Object Type
00002BAA00001000800000805F9B34FB	Track Segments Object Type
00002BAB00001000800000805F9B34FB	Track Object Type
00002BAC00001000800000805F9B34FB	Group Object Type
00002BAD00001000800000805F9B34FB	Constant Tone Extension Enable
00002BAE00001000800000805F9B34FB	Advertising Constant Tone Extension Minimum Length
00002BAF00001000800000805F9B34FB	Advertising Constant Tone Extension Minimum Transmit Count
00002BB000001000800000805F9B34FB	Advertising Constant Tone Extension Transmit Duration
00002BB100001000800000805F9B34FB	Advertising Constant Tone Extension Interval
00002BB200001000800000805F9B34FB	Advertising Constant Tone Extension PHY
00002BB300001000800000805F9B34FB	Bearer Provider Name
00002BB400001000800000805F9B34FB	Bearer UCI
00002BB500001000800000805F9B34FB	Bearer Technology
00002BB600001000800000805F9B34FB	Bearer URI Schemes Supported List
00002BB700001000800000805F9B34FB	Bearer Signal Strength
00002BB800001000800000805F9B34FB	Bearer Signal Strength Reporting Interval
00002BB900001000800000805F9B34FB	Bearer List Current Calls
00002BBA00001000800000805F9B34FB	Content Control ID
00002BBB00001000800000805F9B34FB	Status Flags
00002BBC00001000800000805F9B34FB	Incoming Call Target Bearer URI
00002BBD00001000800000805F9B34FB	Call State
00002BBE00001000800000805F9B34FB	Call Control Point
00002BBF00001000800000805F9B34FB	Call Control Point Optional Opcodes
00002BC000001000800000805F9B34FB	Termination Reason
00002BC100001000800000805F9B34FB	Incoming Call
00002BC200001000800000805F9B34FB	Call Friendly Name
00002BC300001000800000805F9B34FB	Mute
00002BC400001000800000805F9B34FB	Sink ASE
00002BC500001000800000805F9B34FB	Source ASE
00002BC600001000800000805F9B34FB	ASE Control Point
00002BC700001000800000805F9B34FB	Broadcast Audio Scan Control Point
00002BC800001000800000805F9B34FB	Broadcast Receive State
00002BC900001000800000805F9B34FB	Sink PAC
00002BCA00001000800000805F9B34FB	Sink Audio Locations
00002BCB00001000800000805F9B34FB	Source PAC
00002BCC00001000800000805F9B34FB	Source Audio Locations
00002BCD00001000800000805F9B34FB	Available Audio Contexts
00002BCE00001000800000805F9B34FB	Supported Audio Contexts
00002BCF00001000800000805F9B34FB	Ammonia Concentration
00002BD000001000800000805F9B34FB	Carbon Monoxide Concentration
00002BD100001000800000805F9B34FB	Methane Concentration
00002BD200001000800000805F9B34FB	Nitrogen Dioxide Concentration
00002BD300001000800000805F9B34FB	Non-Methane Volatile Organic Compounds Concentration
00002BD400001000800000805F9B34FB	Ozone Concentration
00002BD500001000800000805F9B34FB	Particulate Matter - PM1 Concentration
00002BD600001000800000805F9B34FB	Particulate Matter - PM2.5 Concentration
00002BD700001000800000805F9B34FB	Particulate Matter - PM10 Concentration
00002BD800001000800000805F9B34FB	Sulfur Dioxide Concentration
00002BD900001000800000805F9B34FB	Sulfur Hexafluoride Concentration
00002BDA00001000800000805F9B34FB	Hearing Aid Features
00002BDB00001000800000805F9B34FB	Hearing Aid Preset Control Point
00002BDC00001000800000805F9B34FB	Active Preset Index
00002BDD00001000800000805F9B34FB	Stored Health Observations
00002BDE00001000800000805F9B34FB	Fixed String 64
00002BDF00001000800000805F9B34FB	High Temperature
00002BE000001000800000805F9B34FB	High Voltage
00002BE100001000800000805F9B34FB	Light Distribution
00002BE200001000800000805F9B34FB	Light Output
00002BE300001000800000805F9B34FB	Light Source Type
00002BE400001000800000805F9B34FB	Noise
00002BE500001000800000805F9B34FB	Relative Runtime in a Correlated Color Temperature Range
00002BE600001000800000805F9B34FB	Time Second 32
00002BE700001000800000805F9B34FB	VOC Concentration
00002BE800001000800000805F9B34FB	Voltage Frequency
00002BE900001000800000805F9B34FB	Battery Critical Status
00002BEA00001000800000805F9B34FB	Battery Health Status
00002BEB00001000800000805F9B34FB	Battery Health Information
00002BEC00001000800000805F9B34FB	Battery Information
00002BED00001000800000805F9B34FB	Battery Level Status
00002BEE00001000800000805F9B34FB	Battery Time Status
00002BEF00001000800000805F9B34FB	Estimated Service Date
00002BF000001000800000805F9B34FB	Battery Energy Status
00002BF100001000800000805F9B34FB	Observation Schedule Changed
00002BF200001000800000805F9B34FB	Current Elapsed Time
00002BF300001000800000805F9B34FB	Health Sensor Features
00002BF400001000800000805F9B34FB	GHS Control Point
00002BF500001000800000805F9B34FB	LE GATT Security Levels
00002BF600001000800000805F9B34FB	ESL Address
00002BF700001000800000805F9B34FB	AP Sync Key Material
00002BF800001000800000805F9B34FB	ESL Response Key Material
00002BF900001000800000805F9B34FB	ESL Current Absolute Time
00002BFA00001000800000805F9B34FB	ESL Display Information
00002BFB00001000800000805F9B34FB	ESL Image Information
00002BFC00001000800000805F9B34FB	ESL Sensor Information
00002BFD00001000800000805F9B34FB	ESL LED Information
00002BFE00001000800000805F9B34FB	ESL Control Point
00002BFF00001000800000805F9B34FB	UDI for Medical Devices
00002C0000001000800000805F9B34FB	GMAP Role
00002C0100001000800000805F9B34FB	UGG Features
00002C0200001000800000805F9B34FB	UGT Features
00002C0300001000800000805F9B34FB	BGS Features
00002C0400001000800000805F9B34FB	BGR Features
00002C0500001000800000805F9B34FB	Percentage 8 Steps
00002C1400001000800000805F9B34FB	RAS Features Characteristic
00002C1500001000800000805F9B34FB	Real-time Ranging Data Characteristic
00002C1600001000800000805F9B34FB	On-demand Ranging Data Characteristic
00002C1700001000800000805F9B34FB	RAS Control Point Characteristic
00002C1800001000800000805F9B34FB	Ranging Data Ready Characteristic
00002C1900001000800000805F9B34FB	Ranging Data Overwritten Characteristic
0A852C5950D34492BFD322FE58A24F01	Helium Hotspot Public Key
14387801130C49E7B8772881C89CB258	Wi-Fi Provisioning Service Version
14387802130C49E7B8772881C89CB258	Wi-Fi Provisioning Control Point
14387803130C49E7B8772881C89CB258	Wi-Fi Provisioning Data Out
180EFDEF75794B4AB2DF72733B7FA2FE	Helium Hotspot Lights
21490001494A457398AFF126AF76F490	Distance Measurement Characteristic
21490002494A457398AFF126AF76F490	Azimuth Measurement Characteristic
21490003494A457398AFF126AF76F490	Elevation Measurement Characteristic
21490004494A457398AFF126AF76F490	DDF Feature
21490005494A457398AFF126AF76F490	Control Point
22EAC6E924D64BB5BE44B36ACE7C7BFB	Apple Data Source
2F7CABCE808D411F9A0CBB92BA96C102	Apple Entity Update
398168AA01114EC0B1FA171671270608	Helium Hotspot WiFi Connect
506A55C4B5E746FA83268ACAEB1189EB	Sensor Hub Temperature
51838AFF2D9AB32AB32A8187E41664BA	Sensor Hub Pressure
54220001F6A54007A371722F4EBD8436	MDS Supported Features Characteristic
54220002F6A54007A371722F4EBD8436	MDS Device Identifier Characteristic
54220003F6A54007A371722F4EBD8436	MDS Device Data URI Characteristic
54220004F6A54007A371722F4EBD8436	MDS Device Authorization Characteristic
54220005F6A54007A371722F4EBD8436	MDS Device Data Export Characteristic
57A70001935011EDA1EB0242AC120002	Status Characteristic
69D1D8F345E149A898219BBDFDAAD9D9	Apple Control Point
6A9A7A8EFCA54B02AAB254C531665872	Sensor Hub VOC
6E400002B5A3F393E0A9E50E24DCCA9E	UART RX Characteristic
6E400003B5A3F393E0A9E50E24DCCA9E	UART TX Characteristic
753E3050DF064B53B0905E1D810C4383	Sensor Hub Humidity
7731DE63BC6A41008AB189B2356B038B	Helium Hotspot WiFi SSID
7DFC60017D1C495186AA8D9728F8D66C	Apple Reserved Characteristic
7DFC60027D1C495186AA8D9728F8D66C	Apple Reserved Characteristic
7DFC60037D1C495186AA8D9728F8D66C	Apple Reserved Characteristic
7DFC60047D1C495186AA8D9728F8D66C	Apple Reserved Characteristic
7DFC60057D1C495186AA8D9728F8D66C	Apple Reserved Characteristic
7DFC61017D1C495186AA8D9728F8D66C	Apple Reserved Characteristic
7DFC61027D1C495186AA8D9728F8D66C	Apple Reserved Characteristic
7DFC61037D1C495186AA8D9728F8D66C	Apple Reserved Characteristic
7DFC61047D1C495186AA8D9728F8D66C	Apple Reserved Characteristic
7DFC61057D1C495186AA8D9728F8D66C	Apple Reserved Characteristic
7DFC61067D1C495186AA8D9728F8D66C	Apple Reserved Characteristic
7DFC61077D1C495186AA8D9728F8D66C	Apple Reserved Characteristic
7DFC61087D1C495186AA8D9728F8D66C	Apple Reserved Characteristic
7DFC62017D1C495186AA8D9728F8D66C	Apple Reserved Characteristic
7DFC62027D1C495186AA8D9728F8D66C	Apple Reserved Characteristic
7DFC62037D1C495186AA8D9728F8D66C	Apple Reserved Characteristic
7DFC70047D1C495186AA8D9728F8D66C	Apple Reserved Characteristic
7DFC70057D1C495186AA8D9728F8D66C	Apple Reserved Characteristic
7DFC70067D1C495186AA8D9728F8D66C	Apple Reserved Characteristic
7DFC70077D1C495186AA8D9728F8D66C	Apple Reserved Characteristic
7DFC70087D1C495186AA8D9728F8D66C	Apple Reserved Characteristic
7DFC70097D1C495186AA8D9728F8D66C	Apple Reserved Characteristic
7DFC700A7D1C495186AA8D9728F8D66C	Apple Reserved Characteristic
7DFC700B7D1C495186AA8D9728F8D66C	Apple Reserved Characteristic
7DFC700C7D1C495186AA8D9728F8D66C	Apple Reserved Characteristic
7DFC71037D1C495186AA8D9728F8D66C	Apple Reserved Characteristic
7DFC71047D1C495186AA8D9728F8D66C	Apple Reserved Characteristic
7DFC71057D1C495186AA8D9728F8D66C	Apple Reserved Characteristic
7DFC71067D1C495186AA8D9728F8D66C	Apple Reserved Characteristic
7DFC71077D1C495186AA8D9728F8D66C	Apple Reserved Characteristic
7DFC71087D1C495186AA8D9728F8D66C	Apple Reserved Characteristic
7DFC71097D1C495186AA8D9728F8D66C	Apple Reserved Characteristic
7DFC710B7D1C495186AA8D9728F8D66C	Apple Reserved Characteristic
7DFC710C7D1C495186AA8D9728F8D66C	Apple Reserved Characteristic
7DFC710D7D1C495186AA8D9728F8D66C	Apple Reserved Characteristic
7DFC80037D1C495186AA8D9728F8D66C	Apple Reserved Characteristic
7DFC80047D1C495186AA8D9728F8D66C	Apple Reserved Characteristic
7DFC90017D1C495186AA8D9728F8D66C	Apple Reserved Characteristic
82754BBB6ED34D69A0E1F19F6B654EC2	Sensor Hub Red Color
8CC6E0B398C540CCB1D8692940E6994B	Helium Hotspot WiFi Remove
8E400001F3154F609FB8838830DAEA50	Experimental Buttonless DFU
8EC90001F3154F609FB8838830DAEA50	DFU Control Point
8EC90002F3154F609FB8838830DAEA50	DFU Packet
8EC90003F3154F609FB8838830DAEA50	Buttonless DFU Without Bonds
8EC90004F3154F609FB8838830DAEA50	Buttonless DFU With Bonds
932C32BD000247A2835AA8D455B859DD	Philips Hue Light On/Off Toggle
932C32BD000347A2835AA8D455B859DD	Philips Hue Light Brightness Level
932C32BD000547A2835AA8D455B859DD	Philips Hue Light Color
9B3C81D857B14A8AB8DF0E56F7CA51C2	Apple Remote Command
9C4314F28A0C45FDA58DD4A7E64C3A57	Helium Hotspot WiFi MAC Address
9FBF120D630142D98C5825E699A21DBD	Apple Notification Source
A3C875018ED34BDF8A39A01BEBEDE295	Eddystone Capabilities
A3C875028ED34BDF8A39A01BEBEDE295	Eddystone Active Slot
A3C875038ED34BDF8A39A01BEBEDE295	Eddystone Advertising Interval
A3C875048ED34BDF8A39A01BEBEDE295	Eddystone Radio Tx Power
A3C875058ED34BDF8A39A01BEBEDE295	Eddystone (Advanced) Advertised Tx Power
A3C875068ED34BDF8A39A01BEBEDE295	Eddystone Lock State
A3C875078ED34BDF8A39A01BEBEDE295	Eddystone Unlock
A3C875088ED34BDF8A39A01BEBEDE295	Eddystone Public ECDH Key
A3C875098ED34BDF8A39A01BEBEDE295	Eddystone EID Identity Key
A3C8750A8ED34BDF8A39A01BEBEDE295	Eddystone ADV Slot Data
A3C8750B8ED34BDF8A39A01BEBEDE295	Eddystone Advanced Factory Reset
A3C8750C8ED34BDF8A39A01BEBEDE295	Eddystone (Advanced) Remain Connectable
AD79CBCE65DF4BC6BDD48CE2B6B75C59	Sensor Hub IAQ
ADAF0001C33242A893BD25E905756CB8	Adafruit Sensor Measurement Period
ADAF0002C33242A893BD25E905756CB8	Adafruit Sensor Service Version
ADAF010046696C655472616E73666572	Adafruit Version
ADAF0101C33242A893BD25E905756CB8	Adafruit Temperature
ADAF020046696C655472616E73666572	Adafruit Raw TX/RX
ADAF0201C33242A893BD25E905756CB8	Adafruit Acceleration
ADAF0301C33242A893BD25E905756CB8	Adafruit Light Level
ADAF0401C33242A893BD25E905756CB8	Adafruit Gyro
ADAF0501C33242A893BD25E905756CB8	Adafruit Magnetic
ADAF0601C33242A893BD25E905756CB8	Adafruit Pressed
ADAF0701C33242A893BD25E905756CB8	Adafruit Humidity
ADAF0801C33242A893BD25E905756CB8	Adafruit Pressure
ADAF0901C33242A893BD25E905756CB8	Adafruit Pixel Pin
ADAF0902C33242A893BD25E905756CB8	Adafruit Pixel Pin Type
ADAF0903C33242A893BD25E905756CB8	Adafruit Pixel Data
ADAF0904C33242A893BD25E905756CB8	Adafruit Pixel Buffer Size
ADAF0A01C33242A893BD25E905756CB8	Adafruit Color
ADAF0B01C33242A893BD25E905756CB8	Adafruit Sound Samples
ADAF0B02C33242A893BD25E905756CB8	Adafruit Number of Channels
ADAF0C01C33242A893BD25E905756CB8	Adafruit Tone
ADAF0D01C33242A893BD25E905756CB8	Adafruit Quaternions
ADAF0D02C33242A893BD25E905756CB8	Adafruit Calibration In
ADAF0D03C33242A893BD25E905756CB8	Adafruit Calibration Out
ADAF0E01C33242A893BD25E905756CB8	Adafruit Proximity
B833D34FD871422CBF9E8E6EC117D57E	Helium Hotspot Diagnostics
C0953A6D100448C2B382A947F4A0A673	Sensor Hub CO2
C6B2F38C23AB46D8A6ABA3A870BBD5D7	Apple Entity Attribute
D083B2BDBE164600B39761512CA2F5AD	Helium Hotspot Onboarding Key
D435F5DE01A44E7D84BADFD347F60275	Helium Hotspot Assert Location
D75150337E7B45BE803FC8737B171A29	Helium Hotspot WiFi Services
DA2E7828FBCE4E01AE9E261174997C48	SMP Characteristic
DB7F9F3692CE4509A2EFAF72BA38FB48	Sensor Hub Green Color
DF3B16CAC9854DA2A6D29B9B9ABDB858	Helium Hotspot Add Gateway
E125BDA46FB811EABC550242AC130003	Helium Hotspot WiFi Configured Services
E2A00002EC314EC3A97A1C34D87E9878	Edge Impulse Remote Management RX Characteristic
E2A00003EC314EC3A97A1C34D87E9878	Edge Impulse Remote Management TX Characteristic
E5866BD60288447698CAEF7DA6B4D289	Helium Hotspot Ethernet Online
E95D0D2D251D470AA062FA1922DFA9A8	micro:bit Scrolling Delay
E95D1B25251D470AA062FA1922DFA9A8	micro:bit Temperature Period
E95D23C4251D470AA062FA1922DFA9A8	micro:bit Client Requirements
E95D386C251D470AA062FA1922DFA9A8	micro:bit Magnetometer Period
E95D5404251D470AA062FA1922DFA9A8	micro:bit Client Event
E95D5899251D470AA062FA1922DFA9A8	micro:bit Pin AD Configuration
E95D7B77251D470AA062FA1922DFA9A8	micro:bit LED Matrix State
E95D8D00251D470AA062FA1922DFA9A8	micro:bit Pin Data
E95D9250251D470AA062FA1922DFA9A8	micro:bit Temperature
E95D93B1251D470AA062FA1922DFA9A8	micro:bit DFU Control
E95D93EE251D470AA062FA1922DFA9A8	micro:bit LED Text
E95D9715251D470AA062FA1922DFA9A8	micro:bit Magnetometer Bearing
E95D9775251D470AA062FA1922DFA9A8	micro:bit Event
E95DB84C251D470AA062FA1922DFA9A8	micro:bit Requirements
E95DB9FE251D470AA062FA1922DFA9A8	micro:bit Pin I/O Configuration
E95DCA4B251D470AA062FA1922DFA9A8	micro:bit Accelerometer Data
E95DD822251D470AA062FA1922DFA9A8	micro:bit PWM Control
E95DDA90251D470AA062FA1922DFA9A8	micro:bit Button A State
E95DDA91251D470AA062FA1922DFA9A8	micro:bit Button B State
E95DFB11251D470AA062FA1922DFA9A8	micro:bit Magnetometer Data
E95DFB24251D470AA062FA1922DFA9A8	micro:bit Accelerometer Period
EF6801019B3549339B1052FFA9740042	Thingy Device Name
EF6801029B3549339B1052FFA9740042	Thingy Advertising Parameters
EF6801049B3549339B1052FFA9740042	Thingy Connection Parameters
EF6801059B3549339B1052FFA9740042	Thingy Eddystone URL
EF6801069B3549339B1052FFA9740042	Thingy Cloud Token
EF6801079B3549339B1052FFA9740042	Thingy FW Version
EF6801089B3549339B1052FFA9740042	Thingy MTU Request
EF6802019B3549339B1052FFA9740042	Thingy Temperature
EF6802029B3549339B1052FFA9740042	Thingy Pressure
EF6802039B3549339B1052FFA9740042	Thingy Humidity
EF6802049B3549339B1052FFA9740042	Thingy Air Quality
EF6802059B3549339B1052FFA9740042	Thingy Color
EF6802069B3549339B1052FFA9740042	Thingy Configuration
EF6803019B3549339B1052FFA9740042	Thingy LED State
EF6803029B3549339B1052FFA9740042	Thingy Button State
EF6803039B3549339B1052FFA9740042	Thingy EXT Pin
EF6804019B3549339B1052FFA9740042	Thingy Motion Config
EF6804029B3549339B1052FFA9740042	Thingy Tap
EF6804039B3549339B1052FFA9740042	Thingy Orientation
EF6804049B3549339B1052FFA9740042	Thingy Quaternion
EF6804059B3549339B1052FFA9740042	Thingy Pedometer
EF6804069B3549339B1052FFA9740042	Thingy Raw Data
EF6804079B3549339B1052FFA9740042	Thingy Euler
EF6804089B3549339B1052FFA9740042	Thingy Rotation Matrix
EF6804099B3549339B1052FFA9740042	Thingy Heading
EF68040A9B3549339B1052FFA9740042	Thingy Gravity Vector
EF6805019B3549339B1052FFA9740042	Thingy Sound Config
EF6805029B3549339B1052FFA9740042	Thingy Speaker Data
EF6805039B3549339B1052FFA9740042	Thingy Speaker Status
EF6805049B3549339B1052FFA9740042	Thingy Microphone
F000FFC104514000B000000000000000	Texas Instruments Image Identify
F000FFC204514000B000000000000000	Texas Instruments Image Block
F000FFC504514000B000000000000000	Texas Instruments OAD Control
F5D2EAB541E84F7CAEF7C9FFF4C544C0	Sensor Hub Blue Color
FA3CF070D0C7466896C486125C8AC5DF	Sensor Hub Battery
FE2C1233836648148EB001DE32100BEA	Fast Pair Model ID
FE2C1234836648148EB001DE32100BEA	Fast Pair Key-based Pairing
FE2C1235836648148EB001DE32100BEA	Fast Pair Passkey
FE2C1236836648148EB001DE32100BEA	Fast Pair Account Key
FE2C1237836648148EB001DE32100BEA	Fast Pair Data
