0001	Fry's Electronics
0002	Ingram
0003	Club Mac
0004	Nebraska Furniture Mart
0011	Unknown
001F	Walmart
0040	Anyware Corporation
0042	DMT
0053	Planex
0078	Microntek
0079	DragonRise Inc.
0080	Unknown
0085	Boeye Technology Co., Ltd.
0102	miniSTREAK
0105	Trust International B.V.
0127	IBP
0145	Unknown
017C	MLK
019C	mek
0200	TP-Link
0204	Chipsbank Microelectronics Co., Ltd
0218	Hangzhou Worlde
0231	Sonuus Limited
02AD	HUMAX Co., Ltd.
0300	Ajazz
0303	Mini Automation Controller
0324	OCZ Technology Inc
0325	OCZ Technology Inc
0386	LTS
03C3	ZWO
03D9	Shenzhen Sinote Tech-Electron Co., Ltd
03DA	Bernd Walter Computer Technology
03E7	Intel
03E8	EndPoints, Inc.
03E9	Melexis (formerly Thesys Microelectronics)
03EA	Data Broadcasting Corp.
03EB	Atmel Corp.
03EC	Iwatsu America, Inc.
03ED	Mitel Corp.
03EE	Mitsumi
03F0	HP, Inc
03F1	Genoa Technology
03F2	Oak Technology, Inc.
03F3	Adaptec, Inc.
03F4	Diebold, Inc.
03F5	Siemens Electromechanical
03F8	Epson Imaging Technology Center
03F9	KeyTronic Corp.
03FB	OPTi, Inc.
03FC	Elitegroup Computer Systems
03FD	Xilinx, Inc.
03FE	Farallon Comunications
0400	National Semiconductor Corp.
0401	National Registry, Inc.
0402	ALi Corp.
0403	Future Technology Devices International, Ltd
0404	NCR Corp.
0405	Synopsys, Inc.
0406	Fujitsu-ICL Computers
0407	Fujitsu Personal Systems, Inc.
0408	Quanta Computer, Inc.
0409	NEC Corp.
040A	Kodak Co.
040B	Weltrend Semiconductor
040C	VTech Computers, Ltd
040D	VIA Technologies, Inc.
040E	MCCI
040F	Echo Speech Corp.
0411	BUFFALO INC. (formerly MelCo., Inc.)
0412	Award Software International
0413	Leadtek Research, Inc.
0414	Giga-Byte Technology Co., Ltd
0416	Winbond Electronics Corp.
0417	Symbios Logic
0418	AST Research
0419	Samsung Info. Systems America, Inc.
041A	Phoenix Technologies, Ltd
041B	d'TV
041D	S3, Inc.
041E	Creative Technology, Ltd
041F	LCS Telegraphics
0420	Chips and Technologies
0421	Nokia Mobile Phones
0422	ADI Systems, Inc.
0423	Computer Access Technology Corp.
0424	Microchip Technology, Inc. (formerly SMSC)
0425	Motorola Semiconductors HK, Ltd
0426	Integrated Device Technology, Inc.
0427	Motorola Electronics Taiwan, Ltd
0428	Advanced Gravis Computer Tech, Ltd
0429	Cirrus Logic
042A	Ericsson Austrian, AG
042B	Intel Corp.
042C	Innovative Semiconductors, Inc.
042D	Micronics
042E	Acer, Inc.
042F	Molex, Inc.
0430	Fujitsu Component Limited
0431	Itac Systems, Inc.
0432	Unisys Corp.
0433	Alps Electric, Inc.
0434	Samsung Info. Systems America, Inc.
0435	Hyundai Electronics America
0436	Taugagreining HF
0437	Framatome Connectors USA
0438	Advanced Micro Devices, Inc.
0439	Voice Technologies Group
043D	Lexmark International, Inc.
043E	LG Electronics USA, Inc.
043F	RadiSys Corp.
0440	Eizo Nanao Corp.
0441	Winbond Systems Lab.
0442	Ericsson, Inc.
0443	Gateway, Inc.
0445	Lucent Technologies, Inc.
0446	NMB Technologies Corp.
0447	Momentum Microsystems
0449	Duta Multi Robotik
044A	Shamrock Tech. Co., Ltd
044B	WSI
044C	CCL/ITRI
044D	Siemens Nixdorf AG
044E	Alps Electric Co., Ltd
044F	ThrustMaster, Inc.
0450	DFI, Inc.
0451	Texas Instruments, Inc.
0452	Mitsubishi Electronics America, Inc.
0453	CMD Technology
0454	Vobis Microcomputer AG
0455	Telematics International, Inc.
0456	Analog Devices, Inc.
0457	Silicon Integrated Systems Corp.
0458	KYE Systems Corp. (Mouse Systems)
0459	Adobe Systems, Inc.
045A	SONICblue, Inc.
045B	Hitachi, Ltd
045D	Nortel Networks, Ltd
045E	Microsoft Corp.
0460	Ace Cad Enterprise Co., Ltd
0461	Primax Electronics, Ltd
0463	MGE UPS Systems
0464	AMP/Tycoelectronics Corp.
0467	AT&T Paradyne
0468	Wieson Technologies Co., Ltd
046A	CHERRY
046B	American Megatrends, Inc.
046C	Toshiba Corp., Digital Media Equipment
046D	Logitech, Inc.
046E	Behavior Tech. Computer Corp.
046F	Crystal Semiconductor
0471	Philips (or NXP)
0472	Chicony Electronics Co., Ltd
0473	Sanyo Information Business Co., Ltd
0474	Sanyo Electric Co., Ltd
0475	Relisys/Teco Information System
0476	AESP
0477	Seagate Technology, Inc.
0478	Connectix Corp.
0479	Advanced Peripheral Laboratories
047A	Semtech Corp.
047B	Silitek Corp.
047C	Dell Computer Corp.
047D	Kensington
047E	Agere Systems, Inc. (Lucent)
047F	Plantronics, Inc.
0480	Toshiba America Inc
0481	Zenith Data Systems
0482	Kyocera Corp.
0483	STMicroelectronics
0484	Specialix
0485	Nokia Monitors
0486	ASUS Computers, Inc.
0487	Stewart Connector
0488	Cirque Corp.
0489	Foxconn / Hon Hai
048A	S-MOS Systems, Inc.
048C	Alps Electric Ireland, Ltd
048D	Integrated Technology Express, Inc.
048F	Eicon Tech.
0490	United Microelectronics Corp.
0491	Capetronic
0492	Samsung SemiConductor, Inc.
0493	MAG Technology Co., Ltd
0495	ESS Technology, Inc.
0496	Micron Electronics
0497	Smile International
0498	Capetronic (Kaohsiung) Corp.
0499	Yamaha Corp.
049A	Gandalf Technologies, Ltd
049B	Curtis Computer Products
049C	Acer Advanced Labs, Inc.
049D	VLSI Technology
049F	Compaq Computer Corp.
04A0	Digital Equipment Corp.
04A1	SystemSoft Corp.
04A2	FirePower Systems
04A3	Trident Microsystems, Inc.
04A4	Hitachi, Ltd
04A5	Acer Peripherals Inc. (now BenQ Corp.)
04A6	Nokia Display Products
04A7	Visioneer
04A8	Multivideo Labs, Inc.
04A9	Canon, Inc.
04AA	DaeWoo Telecom, Ltd
04AB	Chromatic Research
04AC	Micro Audiometrics Corp.
04AD	Dooin Electronics
04AF	Winnov L.P.
04B0	Nikon Corp.
04B1	Pan International
04B3	IBM Corp.
04B4	Cypress Semiconductor Corp.
04B5	ROHM LSI Systems USA, LLC
04B6	Hint Corp.
04B7	Compal Electronics, Inc.
04B8	Seiko Epson Corp.
04B9	Rainbow Technologies, Inc.
04BA	Toucan Systems, Ltd
04BB	I-O Data Device, Inc.
04BD	Toshiba Electronics Taiwan Corp.
04BE	Telia Research AB
04BF	TDK Corp.
04C1	U.S. Robotics (3Com)
04C2	Methode Electronics Far East PTE, Ltd
04C3	Maxi Switch, Inc.
04C4	Lockheed Martin Energy Research
04C5	Fujitsu, Ltd
04C6	Toshiba America Electronic Components
04C7	Micro Macro Technologies
04C8	Konica Corp.
04CA	Lite-On Technology Corp.
04CB	Fuji Photo Film Co., Ltd
04CC	ST-Ericsson
04CD	Tatung Co. Of America
04CE	ScanLogic Corp.
04CF	Myson Century, Inc.
04D0	Digi International
04D1	ITT Canon
04D2	Altec Lansing Technologies
04D3	VidUS, Inc.
04D4	LSI Logic, Inc.
04D5	Forte Technologies, Inc.
04D6	Mentor Graphics
04D7	Oki Semiconductor
04D8	Microchip Technology, Inc.
04D9	Holtek Semiconductor, Inc.
04DA	Panasonic (Matsushita)
04DB	Hypertec Pty, Ltd
04DC	Huan Hsin Holdings, Ltd
04DD	Sharp Corp.
04DE	MindShare, Inc.
04DF	Interlink Electronics
04E1	Iiyama North America, Inc.
04E2	Exar Corp.
04E3	Zilog, Inc.
04E4	ACC Microelectronics
04E5	Promise Technology
04E6	SCM Microsystems, Inc.
04E7	Elo TouchSystems
04E8	Samsung Electronics Co., Ltd
04E9	PC-Tel, Inc.
04EA	Brooktree Corp.
04EB	Northstar Systems, Inc.
04EC	Tokyo Electron Device, Ltd
04ED	Annabooks
04EF	Pacific Electronic International, Inc.
04F0	Daewoo Electronics Co., Ltd
04F1	Victor Company of Japan, Ltd
04F2	Chicony Electronics Co., Ltd
04F3	Elan Microelectronics Corp.
04F4	Harting Elektronik, Inc.
04F5	Fujitsu-ICL Systems, Inc.
04F6	Norand Corp.
04F7	Newnex Technology Corp.
04F8	FuturePlus Systems
04F9	Brother Industries, Ltd
04FA	Dallas Semiconductor
04FB	Biostar Microtech International Corp.
04FC	Sunplus Technology Co., Ltd
04FD	Soliton Systems, K.K.
04FE	PFU, Ltd
04FF	E-CMOS Corp.
0500	Siam United Hi-Tech
0501	Fujikura DDK, Ltd
0502	Acer, Inc.
0503	Hitachi America, Ltd
0504	Hayes Microcomputer Products
0506	3Com Corp.
0507	Hosiden Corp.
0508	Clarion Co., Ltd
0509	Aztech Systems, Ltd
050A	Cinch Connectors
050B	Cable System International
050C	InnoMedia, Inc.
050D	Belkin Components
050E	Neon Technology, Inc.
050F	KC Technology, Inc.
0510	Sejin Electron, Inc.
0511	N'Able (DataBook) Technologies, Inc.
0512	Hualon Microelectronics Corp.
0513	digital-X, Inc.
0514	FCI Electronics
0515	ACTC
0516	Longwell Electronics
0517	Butterfly Communications
0518	EzKEY Corp.
0519	Star Micronics Co., Ltd
051A	WYSE Technology
051B	Silicon Graphics
051C	Shuttle, Inc.
051D	American Power Conversion
051E	Scientific Atlanta, Inc.
051F	IO Systems (Elite Electronics), Inc.
0520	Taiwan Semiconductor Manufacturing Co.
0521	Airborn Connectors
0522	Advanced Connectek, Inc.
0523	ATEN GmbH
0524	Sola Electronics
0525	Netchip Technology, Inc.
0526	Temic MHS S.A.
0527	ALTRA
0528	ATI Technologies, Inc.
0529	Aladdin Knowledge Systems
052A	Crescent Heart Software
052B	Tekom Technologies, Inc.
052C	Canon Information Systems, Inc.
052D	Avid Electronics Corp.
052E	Standard Microsystems Corp.
052F	Unicore Software, Inc.
0530	American Microsystems, Inc.
0531	Wacom Technology Corp.
0532	Systech Corp.
0533	Alcatel Mobile Phones
0534	Motorola, Inc.
0535	LIH TZU Electric Co., Ltd
0536	Hand Held Products (Welch Allyn, Inc.)
0537	Inventec Corp.
0538	Caldera International, Inc. (SCO)
0539	Shyh Shiun Terminals Co., Ltd
053A	PrehKeyTec GmbH
053B	Global Village Communication
053C	Institut of Microelectronic & Mechatronic Systems
053D	Silicon Architect
053E	Mobility Electronics
053F	Synopsys, Inc.
0540	UniAccess AB
0541	Sirf Technology, Inc.
0543	ViewSonic Corp.
0544	Cristie Electronics, Ltd
0545	Xirlink, Inc.
0546	Polaroid Corp.
0547	Anchor Chips, Inc.
0548	Tyan Computer Corp.
0549	Pixera Corp.
054A	Fujitsu Microelectronics, Inc.
054B	New Media Corp.
054C	Sony Corp.
054D	Try Corp.
054E	Proside Corp.
054F	WYSE Technology Taiwan
0550	Fuji Xerox Co., Ltd
0551	CompuTrend Systems, Inc.
0552	Philips Monitors
0553	STMicroelectronics Imaging Division (VLSI Vision)
0554	Dictaphone Corp.
0555	ANAM S&T Co., Ltd
0556	Asahi Kasei Microsystems Co., Ltd
0557	ATEN International Co., Ltd
0558	Truevision, Inc.
0559	Cadence Design Systems, Inc.
055A	Kenwood USA
055B	KnowledgeTek, Inc.
055C	Proton Electronic Ind.
055D	Samsung Electro-Mechanics Co.
055E	CTX Opto-Electronics Corp.
055F	Mustek Systems, Inc.
0560	Interface Corp.
0561	Oasis Design, Inc.
0562	Telex Communications, Inc.
0563	Immersion Corp.
0564	Kodak Digital Product Center, Japan Ltd. (formerly Chinon Industries Inc.)
0565	Peracom Networks, Inc.
0566	Monterey International Corp.
0567	Xyratex International, Ltd
0568	Quartz Ingenierie
0569	SegaSoft
056A	Wacom Co., Ltd
056B	Decicon, Inc.
056C	eTEK Labs
056D	EIZO Corp.
056E	Elecom Co., Ltd
056F	Korea Data Systems Co., Ltd
0570	Epson America
0571	Interex, Inc.
0572	Conexant Systems (Rockwell), Inc.
0573	Zoran Co. Personal Media Division (Nogatech)
0574	City University of Hong Kong
0575	Philips Creative Display Solutions
0576	BAFO/Quality Computer Accessories
0577	ELSA
0578	Intrinsix Corp.
0579	GVC Corp.
057A	Samsung Electronics America
057B	Y-E Data, Inc.
057C	AVM GmbH
057D	Shark Multimedia, Inc.
057E	Nintendo Co., Ltd
057F	QuickShot, Ltd
0580	Denron, Inc.
0581	Racal Data Group
0582	Roland Corp.
0583	Padix Co., Ltd (Rockfire)
0584	RATOC System, Inc.
0585	FlashPoint Technology, Inc.
0586	ZyXEL Communications Corp.
0587	America Kotobuki Electronics Industries, Inc.
0588	Sapien Design
0589	Victron
058A	Nohau Corp.
058B	Infineon Technologies
058C	In Focus Systems
058D	Micrel Semiconductor
058E	Tripath Technology, Inc.
058F	Alcor Micro Corp.
0590	Omron Corp.
0591	Questra Consulting
0592	Powerware Corp.
0593	Incite
0594	Princeton Graphic Systems
0595	Zoran Microelectronics, Ltd
0596	MicroTouch Systems, Inc.
0597	Trisignal Communications
0598	Niigata Canotec Co., Inc.
0599	Brilliance Semiconductor, Inc.
059A	Spectrum Signal Processing, Inc.
059B	Iomega Corp.
059C	A-Trend Technology Co., Ltd
059D	Advanced Input Devices
059E	Intelligent Instrumentation
059F	LaCie, Ltd
05A0	Vetronix Corp.
05A1	USC Corp.
05A2	Fuji Film Microdevices Co., Ltd
05A3	ARC International
05A4	Ortek Technology, Inc.
05A5	Sampo Technology Corp.
05A6	Cisco Systems, Inc.
05A7	Bose Corp.
05A8	Spacetec IMC Corp.
05A9	OmniVision Technologies, Inc.
05AA	Utilux South China, Ltd
05AB	In-System Design
05AC	Apple, Inc.
05AD	Y.C. Cable U.S.A., Inc.
05AE	Synopsys, Inc.
05AF	Jing-Mold Enterprise Co., Ltd
05B0	Fountain Technologies, Inc.
05B1	First International Computer, Inc.
05B4	LG Semicon Co., Ltd
05B5	Dialogic Corp.
05B6	Proxima Corp.
05B7	Medianix Semiconductor, Inc.
05B8	SYSGRATION
05B9	Philips Research Laboratories
05BA	DigitalPersona, Inc.
05BB	Grey Cell Systems
05BC	3G Green Green Globe Co., Ltd
05BD	RAFI GmbH & Co. KG
05BE	Tyco Electronics (Raychem)
05BF	S & S Research
05C0	Keil Software
05C1	Kawasaki Microelectronics, Inc.
05C2	Media Phonics (Suisse) S.A.
05C5	Digi International, Inc.
05C6	Qualcomm, Inc.
05C7	Qtronix Corp.
05C8	Cheng Uei Precision Industry Co., Ltd (Foxlink)
05C9	Semtech Corp.
05CA	Ricoh Co., Ltd
05CB	PowerVision Technologies, Inc.
05CC	ELSA AG
05CD	Silicom, Ltd
05CE	sci-worx GmbH
05CF	Sung Forn Co., Ltd
05D0	GE Medical Systems Lunar
05D1	Brainboxes, Ltd
05D2	Wave Systems Corp.
05D3	Tohoku Ricoh Co., Ltd
05D5	Super Gate Technology Co., Ltd
05D6	Philips Semiconductors, CICT
05D7	Thomas & Betts Corp.
05D8	Ultima Electronics Corp.
05D9	Axiohm Transaction Solutions
05DA	Microtek International, Inc.
05DB	Sun Corp. (Suntac?)
05DC	Lexar Media, Inc.
05DD	Delta Electronics, Inc.
05DF	Silicon Vision, Inc.
05E0	Symbol Technologies
05E1	Syntek Semiconductor Co., Ltd
05E2	ElecVision, Inc.
05E3	Genesys Logic, Inc.
05E4	Red Wing Corp.
05E5	Fuji Electric Co., Ltd
05E6	Keithley Instruments
05E8	ICC, Inc.
05E9	Kawasaki LSI
05EB	FFC, Ltd
05EC	COM21, Inc.
05EE	Cytechinfo Inc.
05EF	AVB, Inc. [anko?]
05F0	Canopus Co., Ltd
05F1	Compass Communications
05F2	Dexin Corp., Ltd
05F3	PI Engineering, Inc.
05F5	Unixtar Technology, Inc.
05F6	AOC International
05F7	RFC Distribution(s) PTE, Ltd
05F9	PSC Scanning, Inc.
05FA	Siemens Telecommunications Systems, Ltd
05FC	Harman
05FD	InterAct, Inc.
05FE	Chic Technology Corp.
05FF	LeCroy Corp.
0600	Barco Display Systems
0601	Jazz Hipster Corp.
0602	Vista Imaging, Inc.
0603	Novatek Microelectronics Corp.
0604	Jean Co., Ltd
0605	Anchor C&C Co., Ltd
0606	Royal Information Electronics Co., Ltd
0607	Bridge Information Co., Ltd
0608	Genrad Ads
0609	SMK Manufacturing, Inc.
060A	Worthington Data Solutions, Inc.
060B	Solid Year
060C	EEH Datalink GmbH
060D	Auctor Corp.
060E	Transmonde Technologies, Inc.
060F	Joinsoon Electronics Mfg. Co., Ltd
0610	Costar Electronics, Inc.
0611	Totoku Electric Co., Ltd
0613	TransAct Technologies, Inc.
0614	Bio-Rad Laboratories
0615	Quabbin Wire & Cable Co., Inc.
0616	Future Techno Designs PVT, Ltd
0617	Swiss Federal Insitute of Technology
0618	MacAlly
0619	Seiko Instruments, Inc.
061A	Veridicom International, Inc.
061B	Promptus Communications, Inc.
061C	Act Labs, Ltd
061D	Quatech, Inc.
061E	Nissei Electric Co.
0620	Alaris, Inc.
0621	ODU-Steckverbindungssysteme GmbH & Co. KG
0622	Iotech, Inc.
0623	Littelfuse, Inc.
0624	Avocent Corp.
0625	TiMedia Technology Co., Ltd
0626	Nippon Systems Development Co., Ltd
0627	Adomax Technology Co., Ltd
0628	Tasking Software, Inc.
0629	Zida Technologies, Ltd
062A	MosArt Semiconductor Corp.
062B	Greatlink Electronics Taiwan, Ltd
062C	Institute for Information Industry
062D	Taiwan Tai-Hao Enterprises Co., Ltd
062E	Mainsuper Enterprises Co., Ltd
062F	Sin Sheng Terminal & Machine, Inc.
0631	JUJO Electronics Corp.
0633	Cyrix Corp.
0634	Micron Technology, Inc.
0635	Methode Electronics, Inc.
0636	Sierra Imaging, Inc.
0638	Avision, Inc.
0639	Chrontel, Inc.
063A	Techwin Corp.
063B	Taugagreining HF
063C	Yamaichi Electronics Co., Ltd (Sakura)
063D	Fong Kai Industrial Co., Ltd
063E	RealMedia Technology, Inc.
063F	New Technology Cable, Ltd
0640	Hitex Development Tools
0641	Woods Industries, Inc.
0642	VIA Medical Corp.
0644	TEAC Corp.
0645	Who? Vision Systems, Inc.
0646	UMAX
0647	Acton Research Corp.
0648	Inside Out Networks
0649	Weli Science Co., Ltd
064B	Analog Devices, Inc. (White Mountain DSP)
064C	Ji-Haw Industrial Co., Ltd
064D	TriTech Microelectronics, Ltd
064E	Suyin Corp.
064F	WIBU-Systems AG
0650	Dynapro Systems
0651	Likom Technology Sdn. Bhd.
0652	Stargate Solutions, Inc.
0653	CNF, Inc.
0654	Granite Microsystems, Inc.
0655	Space Shuttle Hi-Tech Co., Ltd
0656	Glory Mark Electronic, Ltd
0657	Tekcon Electronics Corp.
0658	Sigma Designs, Inc.
0659	Aethra
065A	Optoelectronics Co., Ltd
065B	Tracewell Systems
065E	Silicon Graphics
065F	Good Way Technology Co., Ltd & GWC technology Inc.
0660	TSAY-E (BVI) International, Inc.
0661	Hamamatsu Photonics K.K.
0662	Kansai Electric Co., Ltd
0663	Topmax Electronic Co., Ltd
0664	ET&T Technology Co., Ltd.
0665	Cypress Semiconductor
0667	Aiwa Co., Ltd
0668	WordWand
0669	Oce' Printing Systems GmbH
066A	Total Technologies, Ltd
066B	Linksys, Inc.
066D	Entrega, Inc.
066E	Acer Semiconductor America, Inc.
066F	SigmaTel, Inc.
0670	Sequel Imaging
0672	Labtec, Inc.
0673	HCL
0674	Key Mouse Electronic Enterprise Co., Ltd
0675	DrayTek Corp.
0676	Teles AG
0677	Aiwa Co., Ltd
0678	ACard Technology Corp.
067B	Prolific Technology, Inc.
067C	Efficient Networks, Inc.
067D	Hohner Corp.
067E	Intermec Technologies Corp.
067F	Virata, Ltd
0680	Realtek Semiconductor Corp., CPP Div. (Avance Logic)
0681	Siemens Information and Communication Products
0682	Victor Company of Japan, Ltd
0684	Actiontec Electronics, Inc.
0685	ZD Incorporated
0686	Minolta Co., Ltd
068A	Pertech, Inc.
068B	Potrans International, Inc.
068E	CH Products, Inc.
068F	Nihon KOHDEN
0690	Golden Bridge Electech, Inc.
0693	Hagiwara Sys-Com Co., Ltd
0694	Lego Group
0698	Chuntex (CTX)
0699	Tektronix, Inc.
069A	Askey Computer Corp.
069B	Thomson, Inc.
069D	Hughes Network Systems (HNS)
069E	Welcat Inc.
069F	Allied Data Technologies BV
06A2	Topro Technology, Inc.
06A3	Saitek PLC
06A4	Xiamen Doowell Electron Co., Ltd
06A5	Divio
06A7	MicroStore, Inc.
06A8	Topaz Systems, Inc.
06A9	Westell
06AA	Sysgration, Ltd
06AC	Fujitsu Laboratories of America, Inc.
06AD	Greatland Electronics Taiwan, Ltd
06AE	Professional Multimedia Testing Centre
06AF	Harting, Inc. of North America
06B8	Pixela Corp.
06B9	Alcatel Telecom
06BA	Smooth Cord & Connector Co., Ltd
06BB	EDA, Inc.
06BC	Oki Data Corp.
06BD	AGFA-Gevaert NV
06BE	AME Optimedia Technology Co., Ltd
06BF	Leoco Corp.
06C2	Phidgets Inc. (formerly GLAB)
06C4	Bizlink International Corp.
06C5	Hagenuk, GmbH
06C6	Infowave Software, Inc.
06C8	SIIG, Inc.
06C9	Taxan (Europe), Ltd
06CA	Newer Technology, Inc.
06CB	Synaptics, Inc.
06CC	Terayon Communication Systems
06CD	Keyspan
06CE	Contec
06CF	SpheronVR AG
06D0	LapLink, Inc.
06D1	Daewoo Electronics Co., Ltd
06D3	Mitsubishi Electric Corp.
06D4	Cisco Systems
06D5	Toshiba
06D6	Aashima Technology B.V.
06D7	Network Computing Devices (NCD)
06D8	Technical Marketing Research, Inc.
06DA	Phoenixtec Power Co., Ltd
06DB	Paradyne
06DC	Foxlink Image Technology Co., Ltd
06DE	Heisei Electronics Co., Ltd
06E0	Multi-Tech Systems, Inc.
06E1	ADS Technologies, Inc.
06E4	Alcatel Microelectronics
06E6	Tiger Jet Network, Inc.
06EA	Sirius Technologies
06EB	PC Expert Tech. Co., Ltd
06EF	I.A.C. Geometrische Ingenieurs B.V.
06F0	T.N.C Industrial Co., Ltd
06F1	Opcode Systems, Inc.
06F2	Emine Technology Co.
06F6	Wintrend Technology Co., Ltd
06F7	Wailly Technology Ltd
06F8	Guillemot Corp.
06F9	ASYST electronic d.o.o.
06FA	HSD S.r.L
06FC	Motorola Semiconductor Products Sector
06FD	Boston Acoustics
06FE	Gallant Computer, Inc.
0701	Supercomal Wire & Cable SDN. BHD.
0703	Bvtech Industry, Inc.
0705	NKK Corp.
0706	Ariel Corp.
0707	Standard Microsystems Corp.
0708	Putercom Co., Ltd
0709	Silicon Systems, Ltd (SSL)
070A	Oki Electric Industry Co., Ltd
070D	Comoss Electronic Co., Ltd
070E	Excel Cell Electronic Co., Ltd
0710	Connect Tech, Inc.
0711	Magic Control Technology Corp.
0713	Interval Research Corp.
0714	NewMotion, Inc.
0717	ZNK Corp.
0718	Imation Corp.
0719	Tremon Enterprises Co., Ltd
071B	Domain Technologies, Inc.
071C	Xionics Document Technologies, Inc.
071D	Eicon Networks Corp.
071E	Ariston Technologies
0720	Keyence Corp.
0723	Centillium Communications Corp.
0726	Vanguard International Semiconductor-America
0729	Amitm
072E	Sunix Co., Ltd
072F	Advanced Card Systems, Ltd
0731	Susteen, Inc.
0732	Goldfull Electronics & Telecommunications Corp.
0733	ViewQuest Technologies, Inc.
0734	Lasat Communications A/S
0735	Asuscom Network
0736	Lorom Industrial Co., Ltd
0738	Mad Catz, Inc.
073A	Chaplet Systems, Inc.
073B	Suncom Technologies
073C	Industrial Electronic Engineers, Inc.
073D	Eutron S.p.a.
073E	NEC, Inc.
0742	Stollmann
0745	Syntech Information Co., Ltd
0746	Onkyo Corp.
0747	Labway Corp.
0748	Strong Man Enterprise Co., Ltd
0749	EVer Electronics Corp.
074A	Ming Fortune Industry Co., Ltd
074B	Polestar Tech. Corp.
074C	C-C-C Group PLC
074D	Micronas GmbH
074E	Digital Stream Corp.
0755	Aureal Semiconductor
0757	Network Technologies, Inc.
0758	Carl Zeiss Microscopy GmbH
075B	Sophisticated Circuits, Inc.
0763	M-Audio
0764	Cyber Power System, Inc.
0765	X-Rite, Inc.
0766	Jess-Link Products Co., Ltd
0767	Tokheim Corp.
0768	Camtel Technology Corp.
0769	Surecom Technology Corp.
076A	Smart Technology Enablers, Inc.
076B	OmniKey AG
076C	Partner Tech
076D	Denso Corp.
076E	Kuan Tech Enterprise Co., Ltd
076F	Jhen Vei Electronic Co., Ltd
0770	Welch Allyn, Inc - Medical Division
0771	Observator Instruments BV
0772	Your data Our Care
0774	AmTRAN Technology Co., Ltd
0775	Longshine Electronics Corp.
0776	Inalways Corp.
0777	Comda Enterprise Corp.
0778	Volex, Inc.
0779	ON Semiconductor (formerly Fairchild)
077A	Sankyo Seiki Mfg. Co., Ltd
077B	Linksys
077C	Forward Electronics Co., Ltd
077D	Griffin Technology
077E	Softing AG
077F	Well Excellent & Most Corp.
0780	Sagem Monetel GmbH
0781	SanDisk Corp.
0782	Trackerball
0783	C3PO
0784	Vivitar, Inc.
0785	NTT-ME
0789	Logitec Corp.
078B	Happ Controls, Inc.
078C	GTCO/CalComp
078E	Brincom, Inc.
0790	Pro-Image Manufacturing Co., Ltd
0791	Copartner Wire and Cable Mfg. Corp.
0792	Axis Communications AB
0793	Wha Yu Industrial Co., Ltd
0794	ABL Electronics Corp.
0795	RealChip, Inc.
0796	Certicom Corp.
0797	Grandtech Semiconductor Corp.
0798	Optelec
0799	Altera
079B	Sagem
079D	Alfadata Computer Corp.
07A1	Digicom S.p.A.
07A2	National Technical Systems
07A3	Onnto Corp.
07A4	Be, Inc.
07A6	ADMtek, Inc.
07AA	Corega K.K.
07AB	Freecom Technologies
07AF	Microtech
07B0	Trust Technologies
07B1	IMP, Inc.
07B2	Motorola BCS, Inc.
07B3	Plustek, Inc.
07B4	Olympus Optical Co., Ltd
07B5	Mega World International, Ltd
07B6	Marubun Corp.
07B7	TIME Interconnect, Ltd
07B8	AboCom Systems Inc
07BC	Canon Computer Systems, Inc.
07BD	Webgear, Inc.
07BE	Veridicom
07C0	Code Mercenaries Hard- und Software GmbH
07C1	Keisokugiken
07C4	Datafab Systems, Inc.
07C5	APG Cash Drawer
07C6	ShareWave, Inc.
07C7	Powertech Industrial Co., Ltd
07C8	B.U.G., Inc.
07C9	Allied Telesyn International
07CA	AVerMedia Technologies, Inc.
07CB	Kingmax Technology, Inc.
07CC	Carry Computer Eng., Co., Ltd
07CD	Elektor
07CE	Nidec Copal
07CF	Casio Computer Co., Ltd
07D0	Dazzle
07D1	D-Link System
07D2	Aptio Products, Inc.
07D3	Cyberdata Corp.
07D5	Radiant Systems
07D7	GCC Technologies, Inc.
07DA	Arasan Chip Systems
07DE	Diamond Multimedia
07DF	David Electronics Co., Ltd
07E0	NCP engineering GmbH
07E1	Ambient Technologies, Inc.
07E2	Elmeg GmbH & Co., Ltd
07E3	Planex Communications, Inc.
07E4	Movado Enterprise Co., Ltd
07E5	QPS, Inc.
07E6	Allied Cable Corp.
07E7	Mirvo Toys, Inc.
07E8	Labsystems
07EA	Iwatsu Electric Co., Ltd
07EB	Double-H Technology Co., Ltd
07EC	Taiyo Electric Wire & Cable Co., Ltd
07EE	Torex Retail (formerly Logware)
07EF	STSN
07F2	Microcomputer Applications, Inc.
07F6	Circuit Assembly Corp.
07F7	Century Corp.
07F9	Dotop Technology, Inc.
07FA	DrayTek Corp.
07FC	Thomann
07FD	Mark of the Unicorn
07FF	Unknown
0801	MagTek
0802	Mako Technologies, LLC
0803	Zoom Telephonics, Inc.
0809	Genicom Technology, Inc.
080A	Evermuch Technology Co., Ltd
080B	Cross Match Technologies
080C	Datalogic S.p.A.
080D	Teco Image Systems Co., Ltd
0810	Personal Communication Systems, Inc.
0813	Mattel, Inc.
0819	eLicenser
081A	MG Logic
081B	Indigita Corp.
081C	Mipsys
081E	AlphaSmart, Inc.
081F	Manta
0822	Reudo Corp.
0825	GC Protronics
0826	Data Transit
0827	BroadLogic, Inc.
0828	Sato Corp.
0829	DirecTV Broadband, Inc. (Telocity)
082D	Handspring
0830	Palm, Inc.
0832	Kouwell Electronics Corp.
0833	Sourcenext Corp.
0835	Action Star Enterprise Co., Ltd
0836	TrekStor
0839	Samsung Techwin Co., Ltd
083A	Accton Technology Corp.
083F	Global Village
0840	Argosy Research, Inc.
0841	Rioport.com, Inc.
0844	Welland Industrial Co., Ltd
0846	NetGear, Inc.
084D	Minton Optic Industry Co., Inc.
084E	KB Gear
084F	Empeg
0850	Fast Point Technologies, Inc.
0851	Macronix International Co., Ltd
0852	CSEM
0853	Topre Corporation
0854	ActiveWire, Inc.
0856	B&B Electronics
0858	Hitachi Maxell, Ltd
0859	Minolta Systems Laboratory, Inc.
085A	Xircom
085C	ColorVision, Inc.
0862	Teletrol Systems, Inc.
0863	Filanet Corp.
0864	NetGear, Inc.
0867	Data Translation, Inc.
086A	Emagic Soft- und Hardware GmbH
086C	DeTeWe - Deutsche Telephonwerke AG & Co.
086E	System TALKS, Inc.
086F	MEC IMEX, Inc.
0870	Metricom
0871	SanDisk, Inc.
0873	Xpeed, Inc.
0874	A-Tec Subsystem, Inc.
0879	Comtrol Corp.
087C	Adesso/Kbtek America, Inc.
087D	Jaton Corp.
087E	Fujitsu Computer Products of America
087F	QualCore Logic Inc.
0880	APT Technologies, Inc.
0883	Recording Industry Association of America (RIAA)
0885	Boca Research, Inc.
0886	XAC Automation Corp.
0887	Hannstar Electronics Corp.
088A	TechTools
088B	MassWorks, Inc.
088C	Swecoin AB
088E	iLok
0892	DioGraphy, Inc.
0894	TSI Incorporated
0897	Lauterbach
089C	United Technologies Research Cntr.
089D	Icron Technologies Corp.
089E	NST Co., Ltd
089F	Primex Aerospace Co.
08A5	e9, Inc.
08A6	Toshiba TEC
08A8	Andrea Electronics
08A9	CWAV Inc.
08AC	Macraigor Systems LLC
08AE	Macally (Mace Group, Inc.)
08B0	Metrohm
08B4	Sorenson Vision, Inc.
08B7	NATSU
08B8	J. Gordon Electronic Design, Inc.
08B9	RadioShack Corp. (Tandy)
08BB	Texas Instruments
08BD	Citizen Watch Co., Ltd
08C3	Precise Biometrics
08C4	Proxim, Inc.
08C7	Key Nice Enterprise Co., Ltd
08C8	2Wire, Inc.
08C9	Nippon Telegraph and Telephone Corp.
08CA	Aiptek International, Inc.
08CD	Jue Hsun Ind. Corp.
08CE	Long Well Electronics Corp.
08CF	Productivity Enhancement Products
08D1	smartBridges, Inc.
08D3	Virtual Ink
08D4	Fujitsu Siemens Computers
08D8	IXXAT Automation GmbH
08D9	Increment P Corp.
08DD	Billionton Systems, Inc.
08DE	???
08DF	Spyrus, Inc.
08E3	Olitec, Inc.
08E4	Pioneer Corp.
08E5	Litronic
08E6	Gemalto (was Gemplus)
08E7	Pan-International Wire & Cable
08E8	Integrated Memory Logic
08E9	Extended Systems, Inc.
08EA	Ericsson, Inc., Blue Ridge Labs
08EC	M-Systems Flash Disk Pioneers
08ED	MediaTek Inc.
08EE	CCSI/Hesso
08F0	Corex Technologies
08F1	CTI Electronics Corp.
08F2	Gotop Information Inc.
08F5	SysTec Co., Ltd
08F6	Logic 3 International, Ltd
08F7	Vernier
08F8	Keen Top International Enterprise Co., Ltd
08F9	Wipro Technologies
08FA	Caere
08FB	Socket Communications
08FC	Sicon Cable Technology Co., Ltd
08FD	Digianswer A/S
08FF	AuthenTec, Inc.
0900	Pinnacle Systems, Inc.
0901	VST Technologies
0906	Faraday Technology Corp.
0908	Siemens AG
0909	Audio-Technica Corp.
090A	Trumpion Microelectronics, Inc.
090B	Neurosmith
090C	Silicon Motion, Inc. - Taiwan (formerly Feiya Technology Corp.)
090D	Multiport Computer Vertriebs GmbH
090E	Shining Technology, Inc.
090F	Fujitsu Devices, Inc.
0910	Alation Systems, Inc.
0911	Philips Speech Processing
0912	Voquette, Inc.
0915	GlobeSpan, Inc.
0917	SmartDisk Corp.
0919	Tiger Electronics
091E	Garmin International
0920	Echelon Co.
0921	GoHubs, Inc.
0922	Dymo-CoStar Corp.
0923	IC Media Corp.
0924	Xerox
0925	Lakeview Research
0927	Summus, Ltd
0928	PLX Technology, Inc. (formerly Oxford Semiconductor, Ltd)
0929	American Biometric Co.
092A	Toshiba Information & Industrial Sys. And Services
092B	Sena Technologies, Inc.
092F	Northern Embedded Science/CAVNEX
0930	Toshiba Corp.
0931	Harmonic Data Systems, Ltd
0932	Crescentec Corp.
0933	Quantum Corp.
0934	Spirent Communications
0936	NuTesla
0939	Lumberg, Inc.
093A	Pixart Imaging, Inc.
093B	Plextor Corp.
093C	Intrepid Control Systems, Inc.
093D	InnoSync, Inc.
093E	J.S.T. Mfg. Co., Ltd
093F	Olympia Telecom Vertriebs GmbH
0940	Japan Storage Battery Co., Ltd
0941	Photobit Corp.
0942	i2Go.com, LLC
0943	HCL Technologies India Private, Ltd
0944	KORG, Inc.
0945	Pasco Scientific
0948	Kronauer music in digital
094B	Linkup Systems Corp.
094D	Cable Television Laboratories
094F	Yano
0951	Kingston Technology
0954	RPM Systems Corp.
0955	NVIDIA Corp.
0956	BSquare Corp.
0957	Agilent Technologies, Inc.
0958	CompuLink Research, Inc.
0959	Cologne Chip AG
095A	Portsmith
095B	Medialogic Corp.
095C	K-Tec Electronics
095D	Polycom, Inc.
0964	BITRAN
0967	Acer NeWeb Corp.
0968	Catalyst Enterprises, Inc.
096E	Feitian Technologies, Inc.
0971	Gretag-Macbeth AG
0973	Schlumberger
0974	Datagraphix, a business unit of Anacomp
0975	OL'E Communications, Inc.
0976	Adirondack Wire & Cable
0977	Lightsurf Technologies
0978	Beckhoff GmbH
0979	Jeilin Technology Corp., Ltd
097A	Minds At Work LLC
097B	Knudsen Engineering, Ltd
097C	Marunix Co., Ltd
097D	Rosun Technologies, Inc.
097E	Biopac Systems Inc.
097F	Barun Electronics Co., Ltd
0981	Oak Technology, Ltd
0984	Apricorn
0985	cab Produkttechnik GmbH & Co KG
0986	Matsushita Electric Works, Ltd.
098C	Vitana Corp.
098D	INDesign
098E	Integrated Intellectual Property, Inc.
098F	Kenwood TMI Corp.
0993	Gemstar eBook Group, Ltd
0996	Integrated Telecom Express, Inc.
099A	Zippy Technology Corp.
099E	Trimble Navigation, Ltd
09A3	PairGain Technologies
09A4	Contech Research, Inc.
09A5	VCON Telecommunications
09A6	Poinchips
09A7	Data Transmission Network Corp.
09A8	Lin Shiung Enterprise Co., Ltd
09A9	Smart Card Technologies Co., Ltd
09AA	Intersil Corp.
09AB	Japan Cash Machine Co., Ltd.
09AE	Tripp Lite
09B0	Fargo
09B2	Franklin Electronic Publishers, Inc.
09B3	Altius Solutions, Inc.
09B4	MDS Telephone Systems
09B5	Celltrix Technology Co., Ltd
09BC	Grundig
09BE	MySmart.Com
09BF	Auerswald GmbH & Co. KG
09C0	Genpix Electronics, LLC
09C1	Arris Interactive LLC
09C2	Nisca Corp.
09C3	HID Global
09C4	ACTiSYS Corp.
09C5	Memory Corp.
09CA	BMC Messsysteme GmbH
09CB	FLIR Systems
09CC	Workbit Corp.
09CD	Psion Dacom Home Networks, Ltd
09CE	City Electronics, Ltd
09CF	Electronics Testing Center, Taiwan
09D1	NeoMagic, Inc.
09D2	Vreelin Engineering, Inc.
09D3	Com One
09D7	Hexagon NovAtel Inc.
09D8	ELATEC GmbH
09D9	KRF Tech, Ltd
09DA	A4Tech Co., Ltd.
09DB	Measurement Computing Corp.
09DC	Aimex Corp.
09DD	Fellowes, Inc.
09DF	Addonics Technologies Corp.
09E1	Intellon Corp.
09E5	Jo-Dan International, Inc.
09E6	Silutia, Inc.
09E7	Real 3D, Inc.
09E8	AKAI Professional M.I. Corp.
09E9	Chen-Source, Inc.
09EB	IM Networks, Inc.
09EF	Xitel
09F3	GoFlight, Inc.
09F5	AresCom
09F6	RocketChips, Inc.
09F7	Edu-Science (H.K.), Ltd
09F8	SoftConnex Technologies, Inc.
09F9	Bay Associates
09FA	Mtek Vision
09FB	Altera
09FF	Gain Technology Corp.
0A00	Liquid Audio
0A01	ViA, Inc.
0A05	Unknown Manufacturer
0A07	Ontrak Control Systems Inc.
0A0B	Cybex Computer Products Co.
0A0D	Servergy, Inc
0A11	Xentec, Inc.
0A12	Cambridge Silicon Radio, Ltd
0A13	Telebyte, Inc.
0A14	Spacelabs Medical, Inc.
0A15	Scalar Corp.
0A16	Trek Technology (S) PTE, Ltd
0A17	Pentax Corp.
0A18	Heidelberger Druckmaschinen AG
0A19	Hua Geng Technologies, Inc.
0A21	Medtronic Physio Control Corp.
0A22	Century Semiconductor USA, Inc.
0A27	Datacard Group
0A2C	AK-Modul-Bus Computer GmbH
0A34	TG3 Electronics, Inc.
0A35	Radikal Technologies
0A38	IRIS sa
0A39	Gilat Satellite Networks, Ltd
0A3A	PentaMedia Co., Ltd
0A3C	NTT DoCoMo, Inc.
0A3D	Varo Vision
0A3F	Swissonic AG
0A43	Boca Systems, Inc.
0A46	Davicom Semiconductor, Inc.
0A47	Hirose Electric
0A48	I/O Interconnect
0A4A	Ploytec GmbH
0A4B	Fujitsu Media Devices, Ltd
0A4C	Computex Co., Ltd
0A4D	Evolution Electronics, Ltd
0A4E	Steinberg Soft-und Hardware GmbH
0A4F	Litton Systems, Inc.
0A50	Mimaki Engineering Co., Ltd
0A51	Sony Electronics, Inc.
0A52	Jebsee Electronics Co., Ltd
0A53	Portable Peripheral Co., Ltd
0A5A	Electronics For Imaging, Inc.
0A5B	EAsics NV
0A5C	Broadcom Corp.
0A5D	Diatrend Corp.
0A5F	Zebra Technologies
0A62	MPMan
0A66	ClearCube Technology
0A67	Medeli Electronics Co., Ltd
0A68	Comaide Corp.
0A69	Chroma ate, Inc.
0A6B	Green House Co., Ltd
0A6C	Integrated Circuit Systems, Inc.
0A6D	UPS Manufacturing
0A6E	Benwin
0A6F	Core Technology, Inc.
0A70	International Game Technology
0A71	VIPColor Technologies USA, Inc.
0A72	Sanwa Denshi
0A73	Mackie Designs
0A7D	NSTL, Inc.
0A7E	Octagon Systems Corp.
0A80	Rexon Technology Corp., Ltd
0A81	Chesen Electronics Corp.
0A82	Syscan
0A83	NextComm, Inc.
0A84	Maui Innovative Peripherals
0A85	Idexx Labs
0A86	NITGen Co., Ltd
0A89	Aktiv
0A8D	Picturetel
0A8E	Japan Aviation Electronics Industry, Ltd
0A90	Candy Technology Co., Ltd
0A91	Globlink Technology, Inc.
0A92	EGO SYStems, Inc.
0A93	C Technologies AB
0A94	Intersense
0AA3	Lava Computer Mfg., Inc.
0AA4	Develco Elektronik
0AA5	First International Digital
0AA6	Perception Digital, Ltd
0AA7	Wincor Nixdorf International GmbH
0AA8	TriGem Computer, Inc.
0AA9	Baromtec Co.
0AAA	Japan CBM Corp.
0AAB	Vision Shape Europe SA
0AAC	iCompression, Inc.
0AAD	Rohde & Schwarz GmbH & Co. KG
0AAE	NEC infrontia Corp. (Nitsuko)
0AAF	Digitalway Co., Ltd
0AB0	Arrow Strong Electronics Co., Ltd
0AB1	FEIG ELECTRONIC GmbH
0ABA	Ellisys
0ABE	Stereo-Link
0ABF	Diolan
0AC3	Sanyo Semiconductor Company Micro
0AC4	Leco Corp.
0AC5	I & C Corp.
0AC6	Singing Electrons, Inc.
0AC7	Panwest Corp.
0AC8	Z-Star Microelectronics Corp.
0AC9	Micro Solutions, Inc.
0ACA	OPEN Networks Ltd
0ACC	Koga Electronics Co.
0ACD	ID Tech
0ACE	ZyDAS
0ACF	Intoto, Inc.
0AD0	Intellix Corp.
0AD1	Remotec Technology, Ltd
0AD2	Service & Quality Technology Co., Ltd
0ADA	Data Encryption Systems Ltd.
0AE3	Allion Computer, Inc.
0AE4	Taito Corp.
0AE7	Neodym Systems, Inc.
0AE8	System Support Co., Ltd
0AE9	North Shore Circuit Design L.L.P.
0AEA	SciEssence, LLC
0AEB	TTP Communications, Ltd
0AEC	Neodio Technologies Corp.
0AF0	Option
0AF6	Silver I Co., Ltd
0AF7	B2C2, Inc.
0AF9	Hama, Inc.
0AFA	DMC Co., Ltd.
0AFC	Zaptronix Ltd
0AFD	Tateno Dennou, Inc.
0AFE	Cummins Engine Co.
0AFF	Jump Zone Network Products, Inc.
0B00	INGENICO
0B05	ASUSTek Computer, Inc.
0B0B	Datamax-O'Neil
0B0C	Todos AB
0B0D	ProjectLab
0B0E	GN Netcom
0B0F	AVID Technology
0B10	Pcally
0B11	I Tech Solutions Co., Ltd
0B1E	Electronic Warfare Assoc., Inc. (EWA)
0B1F	Insyde Software Corp.
0B20	TransDimension, Inc.
0B21	Yokogawa Electric Corp.
0B22	Japan System Development Co., Ltd
0B23	Pan-Asia Electronics Co., Ltd
0B24	Link Evolution Corp.
0B27	Ritek Corp.
0B28	Kenwood Corp.
0B2C	Village Center, Inc.
0B30	PNY Technologies, Inc.
0B33	Contour Design, Inc.
0B37	Hitachi ULSI Systems Co., Ltd
0B38	Gear Head
0B39	Omnidirectional Control Technology, Inc.
0B3A	IPaxess
0B3B	Tekram Technology Co., Ltd
0B3C	Olivetti Techcenter
0B3E	Kikusui Electronics Corp.
0B41	Hal Corp.
0B43	Play.com, Inc.
0B47	Sportbug.com, Inc.
0B48	TechnoTrend AG
0B49	ASCII Corp.
0B4B	Pine Corp. Ltd.
0B4D	Graphtec America, Inc.
0B4E	Musical Electronics, Ltd
0B50	Dumpries Co., Ltd
0B51	Comfort Keyboard Co.
0B52	Colorado MicroDisplay, Inc.
0B54	Sinbon Electronics Co., Ltd
0B56	TYI Systems, Ltd
0B57	Beijing HanwangTechnology Co., Ltd
0B59	Lake Communications, Ltd
0B5A	Corel Corp.
0B5F	Green Electronics Co., Ltd
0B60	Nsine, Ltd
0B61	NEC Viewtechnology, Ltd
0B62	Orange Micro, Inc.
0B63	ADLink Technology, Inc.
0B64	Wonderful Wire Cable Co., Ltd
0B65	Expert Magnetics Corp.
0B66	Cybiko Inc.
0B67	Fairbanks Scales
0B69	CacheVision
0B6A	Maxim Integrated Products
0B6F	Nagano Japan Radio Co., Ltd
0B70	PortalPlayer, Inc.
0B71	SHIN-EI Sangyo Co., Ltd
0B72	Embedded Wireless Technology Co., Ltd
0B73	Computone Corp.
0B75	Roland DG Corp.
0B79	Sunrise Telecom, Inc.
0B7A	Zeevo, Inc.
0B7B	Taiko Denki Co., Ltd
0B7C	ITRAN Communications, Ltd
0B7D	Astrodesign, Inc.
0B81	id3 Technologies
0B84	Rextron Technology, Inc.
0B85	Elkat Electronics, Sdn., Bhd.
0B86	Exputer Systems, Inc.
0B87	Plus-One I & T, Inc.
0B88	Sigma Koki Co., Ltd, Technology Center
0B89	Advanced Digital Broadcast, Ltd
0B8C	SMART Technologies Inc.
0B95	ASIX Electronics Corp.
0B96	Sewon Telecom
0B97	O2 Micro, Inc.
0B98	Playmates Toys, Inc.
0B99	Audio International, Inc.
0B9B	Dipl.-Ing. Stefan Kunde
0B9D	Softprotec Co.
0B9F	Chippo Technologies
0BAF	U.S. Robotics
0BB0	Concord Camera Corp.
0BB1	Infinilink Corp.
0BB2	Ambit Microsystems Corp.
0BB3	Ofuji Technology
0BB4	HTC (High Tech Computer Corp.)
0BB5	Murata Manufacturing Co., Ltd
0BB6	Network Alchemy
0BB7	Joytech Computer Co., Ltd
0BB8	Hitachi Semiconductor and Devices Sales Co., Ltd
0BB9	Eiger M&C Co., Ltd
0BBA	ZAccess Systems
0BBB	General Meters Corp.
0BBC	Assistive Technology, Inc.
0BBD	System Connection, Inc.
0BC0	Knilink Technology, Inc.
0BC1	Fuw Yng Electronics Co., Ltd
0BC2	Seagate RSS LLC
0BC3	IPWireless, Inc.
0BC4	Microcube Corp.
0BC5	JCN Co., Ltd
0BC6	ExWAY, Inc.
0BC7	X10 Wireless Technology, Inc.
0BC8	Telmax Communications
0BC9	ECI Telecom, Ltd
0BCA	Startek Engineering, Inc.
0BCB	Perfect Technic Enterprise Co., Ltd
0BD7	Andrew Pargeter & Associates
0BDA	Realtek Semiconductor Corp.
0BDB	Ericsson Business Mobile Networks BV
0BDC	Y Media Corp.
0BDD	Orange PCS
0BE2	Kanda Tsushin Kogyo Co., Ltd
0BE3	TOYO Corp.
0BE4	Elka International, Ltd
0BE5	DOME imaging systems, Inc.
0BE6	Dong Guan Humen Wonderful Wire Cable Factory
0BED	MEI
0BEE	LTK Industries, Ltd
0BEF	Way2Call Communications
0BF0	Pace Micro Technology PLC
0BF1	Intracom S.A.
0BF2	Konexx
0BF6	Addonics Technologies, Inc.
0BF7	Sunny Giken, Inc.
0BF8	Fujitsu Siemens Computers
0BFB	Grass Valley Group
0BFD	Kvaser AB
0C00	FireFly Mouse Mat
0C04	MOTO Development Group, Inc.
0C05	Appian Graphics
0C06	Hasbro Games, Inc.
0C07	Infinite Data Storage, Ltd
0C08	Agate
0C09	Comjet Information System
0C0A	Highpoint Technologies, Inc.
0C0B	Dura Micro, Inc. (Acomdata)
0C12	Zeroplus
0C15	Iris Graphics
0C16	Gyration, Inc.
0C17	Cyberboard A/S
0C18	SynerTek Korea, Inc.
0C19	cyberPIXIE, Inc.
0C1A	Silicon Motion, Inc.
0C1B	MIPS Technologies
0C1C	Hang Zhou Silan Electronics Co., Ltd
0C1F	Magicard
0C22	Tally Printer Corp.
0C23	Lernout + Hauspie
0C24	Taiyo Yuden
0C25	Sampo Corp.
0C26	Prolific Technology Inc.
0C27	RFIDeas, Inc
0C2E	Metrologic Instruments
0C30	Mutoh Industries Ltd
0C35	Eagletron, Inc.
0C36	E Ink Corp.
0C37	e.Digital
0C38	Der An Electric Wire & Cable Co., Ltd
0C39	IFR
0C3A	Furui Precise Component (Kunshan) Co., Ltd
0C3B	Komatsu, Ltd
0C3C	Radius Co., Ltd
0C3D	Innocom, Inc.
0C3E	Nextcell, Inc.
0C40	ELMCU
0C44	Motorola iDEN
0C45	Microdia
0C46	WaveRider Communications, Inc.
0C4A	ALGE-TIMING GmbH
0C4B	Reiner SCT Kartensysteme GmbH
0C4C	Needham's Electronics
0C52	Sealevel Systems, Inc.
0C53	ViewPLUS, Inc.
0C54	Glory, Ltd
0C55	Spectrum Digital, Inc.
0C56	Billion Bright, Ltd
0C57	Imaginative Design Operation Co., Ltd
0C58	Vidar Systems Corp.
0C59	Dong Guan Shinko Wire Co., Ltd
0C5A	TRS International Mfg., Inc.
0C5E	Xytronix Research & Design
0C60	Apogee Electronics Corp.
0C62	Chant Sincere Co., Ltd
0C63	Toko, Inc.
0C64	Signality System Engineering Co., Ltd
0C65	Eminence Enterprise Co., Ltd
0C66	Rexon Electronics Corp.
0C67	Concept Telecom, Ltd
0C6A	ACS
0C6C	JETI Technische Instrumente GmbH
0C70	MCT Elektronikladen
0C72	PEAK System
0C74	Optronic Laboratories Inc.
0C76	JMTek, LLC.
0C77	Sipix Group, Ltd
0C78	Detto Corp.
0C79	NuConnex Technologies Pte., Ltd
0C7A	Wing-Span Enterprise Co., Ltd
0C86	NDA Technologies, Inc.
0C88	Kyocera Wireless Corp.
0C89	Honda Tsushin Kogyo Co., Ltd
0C8A	Pathway Connectivity, Inc.
0C8B	Wavefly Corp.
0C8C	Coactive Networks
0C8D	Tempo
0C8E	Cesscom Co., Ltd
0C8F	Applied Microsystems
0C94	Cryptera
0C98	Berkshire Products, Inc.
0C99	Innochips Co., Ltd
0C9A	Hanwool Robotics Corp.
0C9B	Jobin Yvon, Inc.
0C9C	Brand Innovators BV
0C9D	SemTek
0CA2	Zyfer
0CA3	Sega Corp.
0CA4	ST&T Instrument Corp.
0CA5	BAE Systems Canada, Inc.
0CA6	Castles Technology Co., Ltd
0CA7	Information Systems Laboratories
0CAA	Allied Telesis KK.
0CAD	Motorola CGISS
0CAE	Ascom Business Systems, Ltd
0CAF	Buslink
0CB0	Flying Pig Systems
0CB1	Innovonics, Inc.
0CB6	Celestix Networks, Pte., Ltd
0CB7	Singatron Enterprise Co., Ltd
0CB8	Opticis Co., Ltd
0CBA	Trust Electronic (Shanghai) Co., Ltd
0CBB	Shanghai Darong Electronics Co., Ltd
0CBC	Palmax Technology Co., Ltd
0CBD	Pentel Co., Ltd (Electronics Equipment Div.)
0CBE	Keryx Technologies, Inc.
0CBF	Union Genius Computer Co., Ltd
0CC0	Kuon Yi Industrial Corp.
0CC1	Given Imaging, Ltd
0CC2	Timex Corp.
0CC3	Rimage Corp.
0CC4	emsys GmbH
0CC5	Sendo
0CC6	Intermagic Corp.
0CC8	Technotools Corp.
0CC9	BroadMAX Technologies, Inc.
0CCA	Amphenol
0CCB	SKNet Co., Ltd
0CCC	Domex Technology Corp.
0CCD	TerraTec Electronic GmbH
0CD4	Bang Olufsen
0CD5	LabJack Corporation
0CD6	Scheidt & Bachmann
0CD7	NewChip S.r.l.
0CD8	JS Digitech, Inc.
0CD9	Hitachi Shin Din Cable, Ltd
0CDE	Z-Com
0CE5	Validation Technologies International
0CE9	Pico Technology
0CF1	e-Conn Electronic Co., Ltd
0CF2	ENE Technology, Inc.
0CF3	Qualcomm Atheros Communications
0CF4	Fomtex Corp.
0CF5	Cellink Co., Ltd
0CF6	Compucable Corp.
0CF7	ishoni Networks
0CF8	Clarisys, Inc.
0CF9	Central System Research Co., Ltd
0CFA	Inviso, Inc.
0CFC	Minolta-QMS, Inc.
0CFF	SAFA MEDIA Co., Ltd.
0D06	telos EDV Systementwicklung GmbH
0D08	UTStarcom
0D0B	Contemporary Controls
0D0C	Astron Electronics Co., Ltd
0D0D	MKNet Corp.
0D0E	Hybrid Networks, Inc.
0D0F	Feng Shin Cable Co., Ltd
0D10	Elastic Networks
0D11	Maspro Denkoh Corp.
0D12	Hansol Electronics, Inc.
0D13	BMF Corp.
0D14	Array Comm, Inc.
0D15	OnStream b.v.
0D16	Hi-Touch Imaging Technologies Co., Ltd
0D17	NALTEC, Inc.
0D18	coaXmedia
0D19	Hank Connection Industrial Co., Ltd
0D28	NXP
0D2F	Andamiro
0D32	Leo Hui Electric Wire & Cable Co., Ltd
0D33	AirSpeak, Inc.
0D34	Rearden Steel Technologies
0D35	Dah Kun Co., Ltd
0D3A	Posiflex Technologies, Inc.
0D3C	Sri Cable Technology, Ltd
0D3D	Tangtop Technology Co., Ltd
0D3E	Fitcom, inc.
0D3F	MTS Systems Corp.
0D40	Ascor, Inc.
0D41	Ta Yun Terminals Industrial Co., Ltd
0D42	Full Der Co., Ltd
0D46	Kobil Systems GmbH
0D48	Promethean Limited
0D49	Maxtor
0D4A	NF Corp.
0D4B	Grape Systems, Inc.
0D4C	Tedas AG
0D4D	Coherent, Inc.
0D4E	Agere Systems Netherland BV
0D4F	EADS Airbus France
0D50	Cleware GmbH
0D51	Volex (Asia) Pte., Ltd
0D53	HMI Co., Ltd
0D54	Holon Corp.
0D55	ASKA Technologies, Inc.
0D56	AVLAB Technology, Inc.
0D57	Solomon Microtech, Ltd
0D59	TRC Simulators b.v.
0D5C	SMC Networks, Inc.
0D5E	Myacom, Ltd
0D5F	CSI, Inc.
0D60	IVL Technologies, Ltd
0D61	Meilu Electronics (Shenzhen) Co., Ltd
0D62	Darfon Electronics Corp.
0D63	Fritz Gegauf AG
0D64	DXG Technology Corp.
0D65	KMJP Co., Ltd
0D66	TMT
0D67	Advanet, Inc.
0D68	Super Link Electronics Co., Ltd
0D69	NSI
0D6A	Megapower International Corp.
0D6B	And-Or Logic
0D70	Try Computer Co., Ltd
0D71	Hirakawa Hewtech Corp.
0D72	Winmate Communication, Inc.
0D73	Hit's Communications, Inc.
0D76	MFP Korea, Inc.
0D77	Power Sentry/Newpoint
0D78	Japan Distributor Corp.
0D7A	MARX Datentechnik GmbH
0D7B	Wellco Technology Co., Ltd
0D7C	Taiwan Line Tek Electronic Co., Ltd
0D7D	Phison Electronics Corp.
0D7E	American Computer & Digital Components
0D7F	Essential Reality LLC
0D80	H.R. Silvine Electronics, Inc.
0D81	TechnoVision
0D83	Think Outside, Inc.
0D87	Dolby Laboratories Inc.
0D89	Oz Software
0D8A	King Jim Co., Ltd
0D8B	Ascom Telecommunications, Ltd
0D8C	C-Media Electronics, Inc.
0D8D	Promotion & Display Technology, Ltd
0D8E	Global Sun Technology, Inc.
0D8F	Pitney Bowes
0D90	Sure-Fire Electrical Corp.
0D96	Skanhex Technology, Inc.
0D97	Santa Barbara Instrument Group
0D98	Mars Semiconductor Corp.
0D99	Trazer Technologies, Inc.
0D9A	RTX AS
0D9B	Tat Shing Electrical Co.
0D9C	Chee Chen Hi-Technology Co., Ltd
0D9D	Sanwa Supply, Inc.
0D9E	Avaya
0D9F	Powercom Co., Ltd
0DA0	Danger Research
0DA1	Suzhou Peter's Precise Industrial Co., Ltd
0DA2	Land Instruments International, Ltd
0DA3	Nippon Electro-Sensory Devices Corp.
0DA4	Polar Electro Oy
0DA7	IOGear, Inc.
0DA8	softDSP Co., Ltd
0DAB	Cubig Group
0DAD	Westover Scientific
0DB0	Micro Star International
0DB1	Wen Te Electronics Co., Ltd
0DB2	Shian Hwi Plug Parts, Plastic Factory
0DB3	Tekram Technology Co., Ltd
0DB4	Chung Fu Chen Yeh Enterprise Corp.
0DB5	Access IS
0DB7	ELCON Systemtechnik
0DBA	Digidesign
0DBC	A&D Medical
0DBE	Jiuh Shiuh Precision Industry Co., Ltd
0DBF	Jess-Link International
0DC0	G7 Solutions (formerly Great Notions)
0DC1	Tamagawa Seiki Co., Ltd
0DC3	Athena Smartcard Solutions, Inc.
0DC4	inXtron, Inc.
0DC5	SDK Co., Ltd
0DC6	Precision Squared Technology Corp.
0DC7	First Cable Line, Inc.
0DCD	NetworkFab Corp.
0DD0	Access Solutions
0DD1	Contek Electronics Co., Ltd
0DD2	Power Quotient International Co., Ltd
0DD3	MediaQ
0DD4	Custom Engineering SPA
0DD5	California Micro Devices
0DD7	Kocom Co., Ltd
0DD8	Netac Technology Co., Ltd
0DD9	HighSpeed Surfing
0DDA	Integrated Circuit Solution, Inc.
0DDB	Tamarack, Inc.
0DDD	Datelink Technology Co., Ltd
0DDE	Ubicom, Inc.
0DE0	BD Consumer Healthcare
0DE7	USBmicro
0DEA	UTECH Electronic (D.G.) Co., Ltd.
0DED	Novasonics
0DEE	Lifetime Memory Products
0DEF	Full Rise Electronic Co., Ltd
0DF4	NET&SYS
0DF6	Sitecom Europe B.V.
0DF7	Mobile Action Technology, Inc.
0DFA	Toyo Communication Equipment Co., Ltd
0DFC	GeneralTouch Technology Co., Ltd
0E03	Nippon Systemware Co., Ltd
0E08	Winbest Technology Co., Ltd
0E0B	Amigo Technology Inc.
0E0C	Gesytec
0E0D	PicoQuant GmbH
0E0F	VMware, Inc.
0E16	JMTek, LLC
0E17	Walex Electronic, Ltd
0E1A	Unisys
0E1B	Crewave
0E1E	Green Hills Software
0E20	Pegasus Technologies Ltd.
0E21	Cowon Systems, Inc.
0E22	Symbian Ltd.
0E23	Liou Yuane Enterprise Co., Ltd
0E25	VinChip Systems, Inc.
0E26	J-Phone East Co., Ltd
0E2C	Materialise Motion NV
0E2E	Brady Worldwide, Inc.
0E30	HeartMath LLC
0E34	Micro Computer Control Corp.
0E35	3Pea Technologies, Inc.
0E36	TiePie engineering
0E38	Stratitec, Inc.
0E39	Smart Modular Technologies, Inc.
0E3A	Neostar Technology Co., Ltd
0E3B	Mansella, Ltd
0E41	Line6, Inc.
0E44	Sun-Riseful Technology Co., Ltd.
0E48	Julia Corp., Ltd
0E4A	Shenzhen Bao Hing Electric Wire & Cable Mfr. Co.
0E4C	Radica Games, Ltd
0E50	TechnoData Interware
0E55	Speed Dragon Multimedia, Ltd
0E56	Kingston Technology Company, Inc.
0E5A	Active Co., Ltd
0E5B	Union Power Information Industrial Co., Ltd
0E5C	Bitland Information Technology Co., Ltd
0E5D	Neltron Industrial Co., Ltd
0E5E	Conwise Technology Co., Ltd.
0E66	Hawking Technologies
0E67	Fossil, Inc.
0E6A	Megawin Technology Co., Ltd
0E6F	Logic3
0E70	Tokyo Electronic Industry Co., Ltd
0E72	Hsi-Chin Electronics Co., Ltd
0E75	TVS Electronics, Ltd
0E79	Archos, Inc.
0E7B	On-Tech Industry Co., Ltd
0E7E	Gmate, Inc.
0E82	Ching Tai Electric Wire & Cable Co., Ltd
0E83	Shin An Wire & Cable Co.
0E8C	Well Force Electronic Co., Ltd
0E8D	MediaTek Inc.
0E8F	GreenAsia Inc.
0E90	WiebeTech, LLC
0E91	VTech Engineering Canada, Ltd
0E92	C's Glory Enterprise Co., Ltd
0E93	eM Technics Co., Ltd
0E95	Future Technology Co., Ltd
0E96	Aplux Communications, Ltd
0E97	Fingerworks, Inc.
0E98	Advanced Analogic Technologies, Inc.
0E99	Parallel Dice Co., Ltd
0E9A	TA HSING Industries, Ltd
0E9B	ADTEC Corp.
0E9C	Streamzap, Inc.
0E9F	Tamura Corp.
0EA0	Ours Technology, Inc.
0EA6	Nihon Computer Co., Ltd
0EA7	MSL Enterprises Corp.
0EA8	CenDyne, Inc.
0EAD	Humax Co., Ltd
0EB0	NovaTech
0EB1	WIS Technologies, Inc.
0EB2	Y-S Electronic Co., Ltd
0EB3	Saint Technology Corp.
0EB7	Endor AG
0EB8	Mettler Toledo
0EBB	Thermo Fisher Scientific
0EBE	VWeb Corp.
0EBF	Omega Technology of Taiwan, Inc.
0EC0	LHI Technology (China) Co., Ltd
0EC1	Abit Computer Corp.
0EC2	Sweetray Industrial, Ltd
0EC3	Axell Co., Ltd
0EC4	Ballracing Developments, Ltd
0EC5	GT Information System Co., Ltd
0EC6	InnoVISION Multimedia, Ltd
0EC7	Theta Link Corp.
0ECD	Lite-On IT Corp.
0ECE	TaiSol Electronics Co., Ltd
0ECF	Phogenix Imaging, LLC
0ED1	WinMaxGroup
0ED2	Kyoto Micro Computer Co., Ltd
0ED3	Wing-Tech Enterprise Co., Ltd
0ED5	Fiberbyte
0EDA	Noriake Itron Corp.
0EDF	e-MDT Co., Ltd
0EE0	Shima Seiki Mfg., Ltd
0EE1	Sarotech Co., Ltd
0EE2	AMI Semiconductor, Inc.
0EE3	ComTrue Technology Corp.
0EE4	Sunrich Technology, Ltd
0EEE	Digital Stream Technology, Inc.
0EEF	D-WAV Scientific Co., Ltd
0EF0	Hitachi Cable, Ltd
0EF1	Aichi Micro Intelligent Corp.
0EF2	I/O Magic Corp.
0EF3	Lynn Products, Inc.
0EF4	DSI Datotech
0EF5	PointChips
0EF6	Yield Microelectronics Corp.
0EF7	SM Tech Co., Ltd (Tulip)
0EFD	Oasis Semiconductor
0EFE	Wem Technology, Inc.
0F03	Unitek UPS Systems
0F06	Visual Frontier Enterprise Co., Ltd
0F08	CSL Wire & Plug (Shen Zhen) Co.
0F0C	CAS Corp.
0F0D	Hori Co., Ltd
0F0E	Energy Full Corp.
0F0F	Silego Technology Inc
0F11	LD Didactic GmbH
0F12	Mars Engineering Corp.
0F13	Acetek Technology Co., Ltd
0F14	Ingenico
0F18	Finger Lakes Instrumentation
0F19	Oracom Co., Ltd
0F1B	Onset Computer Corp.
0F1C	Funai Electric Co., Ltd
0F1D	Iwill Corp.
0F21	IOI Technology Corp.
0F22	Senior Industries, Inc.
0F23	Leader Tech Manufacturer Co., Ltd
0F24	Flex-P Industries, Snd., Bhd.
0F2D	ViPower, Inc.
0F2E	Geniality Maple Technology Co., Ltd
0F2F	Priva Design Services
0F30	Jess Technology Co., Ltd
0F31	Chrysalis Development
0F32	YFC-BonEagle Electric Co., Ltd
0F37	Kokuyo Co., Ltd
0F38	Nien-Yi Industrial Corp.
0F39	TG3 Electronics
0F3D	Airprime, Incorporated
0F41	RDC Semiconductor Co., Ltd
0F42	Nital Consulting Services, Inc.
0F44	Polhemus
0F49	Evolis SA
0F4B	St. John Technology Co., Ltd
0F4C	WorldWide Cable Opto Corp.
0F4D	Microtune, Inc.
0F4E	Freedom Scientific
0F52	Wing Key Electrical Co., Ltd
0F53	Dongguan White Horse Cable Factory, Ltd
0F54	Kawai Musical Instruments Mfg. Co., Ltd
0F55	AmbiCom, Inc.
0F5C	Prairiecomm, Inc.
0F5D	NewAge International, LLC
0F5F	Key Technology Corp.
0F60	NTK, Ltd
0F61	Varian, Inc.
0F62	Acrox Technologies Co., Ltd
0F63	LeapFrog Enterprises
0F68	Kobe Steel, Ltd
0F69	Dionex Corp.
0F6A	Vibren Technologies, Inc.
0F6E	INTELLIGENT SYSTEMS
0F73	DFI
0F78	Guntermann & Drunck GmbH
0F7C	DQ Technology, Inc.
0F7D	NetBotz, Inc.
0F7E	Fluke Corp.
0F88	VTech Holdings, Ltd
0F8B	Yazaki Corp.
0F8C	Young Generation International Corp.
0F8D	Uniwill Computer Corp.
0F8E	Kingnet Technology Co., Ltd
0F8F	Soma Networks
0F97	CviLux Corp.
0F98	CyberBank Corp.
0F9C	Hyun Won, Inc.
0F9E	Lucent Technologies
0FA3	Starconn Electronic Co., Ltd
0FA4	ATL Technology
0FA5	Sotec Co., Ltd
0FA7	Epox Computer Co., Ltd
0FA8	Logic Controls, Inc.
0FAF	Winpoint Electronic Corp.
0FB0	Haurtian Wire & Cable Co., Ltd
0FB1	Inclose Design, Inc.
0FB2	Juan-Chern Industrial Co., Ltd
0FB6	Heber Ltd
0FB8	Wistron Corp.
0FB9	AACom Corp.
0FBA	San Shing Electronics Co., Ltd
0FBB	Bitwise Systems, Inc.
0FC1	Mitac Internatinal Corp.
0FC2	Plug and Jack Industrial, Inc.
0FC5	Delcom Engineering
0FC6	Dataplus Supplies, Inc.
0FCA	Research In Motion, Ltd.
0FCE	Sony Ericsson Mobile Communications AB
0FCF	Dynastream Innovations, Inc.
0FD0	Tulip Computers B.V.
0FD1	Giant Electronics Ltd.
0FD2	Seac Banche
0FD4	Tenovis GmbH & Co., KG
0FD5	Direct Access Technology, Inc.
0FD9	Elgato Systems GmbH
0FDA	Quantec Networks GmbH
0FDC	Micro Plus
0FDE	Oregon Scientific
0FE0	Osterhout Design Group
0FE2	Air Techniques
0FE4	IN-Tech Electronics, Ltd
0FE5	Greenconn (U.S.A.), Inc.
0FE6	ICS Advent
0FE9	DVICO
0FEA	United Computer Accessories
0FEB	CRS Electronic Co., Ltd
0FEC	UMC Electronics Co., Ltd
0FED	Access Co., Ltd
0FEE	Xsido Corp.
0FEF	MJ Research, Inc.
0FF6	Core Valley Co., Ltd
0FF7	CHI SHING Computer Accessories Co., Ltd
0FFC	Clavia DMI AB
0FFD	EarlySense
0FFF	Aopen, Inc.
1000	Speed Tech Corp.
1001	Ritronics Components (S) Pte., Ltd
1003	Sigma Corp.
1004	LG Electronics, Inc.
1005	Apacer Technology, Inc.
1006	iRiver, Ltd.
1009	Emuzed, Inc.
100A	AV Chaseway, Ltd
100B	Chou Chin Industrial Co., Ltd
100D	Netopia, Inc.
1010	Fukuda Denshi Co., Ltd
1011	Mobile Media Tech.
1012	SDKM Fibres, Wires & Cables Berhad
1013	TST-Touchless Sensor Technology AG
1014	Densitron Technologies PLC
1015	Softronics Pty., Ltd
1016	Xiamen Hung's Enterprise Co., Ltd
1017	Speedy Industrial Supplies, Pte., Ltd
1019	Elitegroup Computer Systems (ECS)
1020	Labtec
1022	Shinko Shoji Co., Ltd
1025	Hyper-Paltek
1026	Newly Corp.
1027	Time Domain
1028	Inovys Corp.
1029	Atlantic Coast Telesys
102A	Ramos Technology Co., Ltd
102B	Infotronic America, Inc.
102C	Etoms Electronics Corp.
102D	Winic Corp.
1031	Comax Technology, Inc.
1032	C-One Technology Corp.
1033	Nucam Corp.
1038	SteelSeries ApS
1039	devolo AG
103A	PSA
103D	Stanton
1043	iCreate Technologies Corp.
1044	Chu Yuen Enterprise Co., Ltd
1046	Winbond Electronics Corp. [hex]
1048	Targus Group International
104B	Mylex / Buslogic
104C	AMCO TEC International, Inc.
104D	Newport Corporation
104F	WB Electronics
1050	Yubico.com
1053	Immanuel Electronics Co., Ltd
1054	BMS International Beheer N.V.
1055	Complex Micro Interconnection Co., Ltd
1056	Hsin Chen Ent Co., Ltd
1057	ON Semiconductor
1058	Western Digital Technologies, Inc.
1059	Giesecke & Devrient GmbH
105B	Foxconn International, Inc.
105C	Hong Ji Electric Wire & Cable (Dongguan) Co., Ltd
105D	Delkin Devices, Inc.
105E	Valence Semiconductor Design, Ltd
105F	Chin Shong Enterprise Co., Ltd
1060	Easthome Industrial Co., Ltd
1063	Motorola Electronics Taiwan, Ltd [hex]
1065	CCYU Technology
1068	Micropi Elettronica
106A	Loyal Legend, Ltd
106C	Curitel Communications, Inc.
106D	San Chieh Manufacturing, Ltd
106E	ConectL
106F	Money Controls
1076	GCT Semiconductor, Inc.
107B	Gateway, Inc.
107D	Arlec Australia, Ltd
107E	Midoriya Electric Co., Ltd
107F	KidzMouse, Inc.
1082	Shin-Etsukaken Co., Ltd
1083	Canon Electronics, Inc.
1084	Pantech Co., Ltd
108A	Chloride Power Protection
108B	Grand-tek Technology Co., Ltd
108C	Robert Bosch GmbH
108E	Lotes Co., Ltd.
1091	Numerik Jena
1099	Surface Optics Corp.
109A	DATASOFT Systems GmbH
109B	Hisense
109F	eSOL Co., Ltd
10A0	Hirotech, Inc.
10A3	Mitsubishi Materials Corp.
10A9	SK Teletech Co., Ltd
10AA	Cables To Go
10AB	USI Co., Ltd
10AC	Honeywell, Inc.
10AE	Princeton Technology Corp.
10AF	Liebert Corp.
10B5	Comodo (PLX?)
10B8	DiBcom
10BB	TM Technology, Inc.
10BC	Dinging Technology Co., Ltd
10BD	TMT Technology, Inc.
10BF	SmartHome
10C3	Universal Laser Systems, Inc.
10C4	Silicon Labs
10C5	Sanei Electric, Inc.
10C6	Intec, Inc.
10CB	Eratech
10CC	GBM Connector Co., Ltd
10CD	Kycon, Inc.
10CE	Silicon Labs
10CF	Velleman Components, Inc.
10D1	Hottinger Baldwin Measurement
10D2	RayComposer - R. Adams
10D4	Man Boon Manufactory, Ltd
10D5	Uni Class Technology Co., Ltd
10D6	Actions Semiconductor Co., Ltd
10DE	Authenex, Inc.
10DF	In-Win Development, Inc.
10E0	Post-Op Video, Inc.
10E1	CablePlus, Ltd
10E2	Nada Electronics, Ltd
10EC	Vast Technologies, Inc.
10F0	Nexio Co., Ltd
10F1	Importek
10F5	Turtle Beach
10F8	Cesys GmbH
10FB	Pictos Technologies, Inc.
10FD	Anubis Electronics, Ltd
10FE	Thrane & Thrane
1100	VirTouch, Ltd
1101	EasyPass Industrial Co., Ltd
1108	Brightcom Technologies, Ltd
110A	Moxa Technologies Co., Ltd.
1110	Analog Devices Canada, Ltd (Allied Telesyn)
1111	Pandora International Ltd.
1112	YM ELECTRIC CO., Ltd
1113	Medion AG
111E	VSO Electric Co., Ltd
112A	RedRat
112E	Master Hill Electric Wire and Cable Co., Ltd
112F	Cellon International, Inc.
1130	Tenx Technology, Inc.
1131	Integrated System Solution Corp.
1132	Toshiba Corp., Digital Media Equipment [hex]
1136	CTS Electronincs
113C	Arin Tech Co., Ltd
113D	Mapower Electronics Co., Ltd
113F	Integrated Biometrics, LLC
1141	V One Multimedia, Pte., Ltd
1142	CyberScan Technologies, Inc.
1145	Japan Radio Company
1146	Shimane SANYO Electric Co., Ltd.
1147	Ever Great Electric Wire and Cable Co., Ltd
114B	Sphairon Access Systems GmbH
114C	Tinius Olsen Testing Machine Co., Inc.
114D	Alpha Imaging Technology Corp.
114F	Wavecom
115B	Salix Technology Co., Ltd.
1162	Secugen Corp.
1163	DeLorme Publishing, Inc.
1164	YUAN High-Tech Development Co., Ltd
1165	Telson Electronics Co., Ltd
1166	Bantam Interactive Technologies
1167	Salient Systems Corp.
1168	BizConn International Corp.
116E	Gigastorage Corp.
116F	Silicon 10 Technology Corp.
1175	Shengyih Steel Mold Co., Ltd
117D	Santa Electronic, Inc.
117E	JNC, Inc.
1182	Venture Corp., Ltd
1183	Compaq Computer Corp. [hex] (Digital Dream ??)
1184	Kyocera Elco Corp.
1188	Bloomberg L.P.
1189	Acer Communications & Multimedia
118F	You Yang Technology Co., Ltd
1190	Tripace
1191	Loyalty Founder Enterprise Co., Ltd
1196	Yankee Robotics, LLC
1197	Technoimagia Co., Ltd
1198	StarShine Technology Corp.
1199	Sierra Wireless, Inc.
119A	ZHAN QI Technology Co., Ltd
119B	ruwido austria GmbH
11A0	Chipcon AS
11A3	Technovas Co., Ltd
11AA	GlobalMedia Group, LLC
11AB	Exito Electronics Co., Ltd
11AC	Nike
11B0	ATECH FLASH TECHNOLOGY
11BE	R&D International NV
11C0	Betop
11C5	Inmax
11C9	Nacon
11CA	VeriFone Inc
11DB	Topfield Co., Ltd.
11E6	K.I. Technology Co. Ltd.
11F5	Siemens AG
11F6	Prolific
11F7	Alcatel (?)
1203	TSC Auto ID Technology Co., Ltd
1209	Generic
120E	Hudson Soft Co., Ltd
120F	Magellan
1210	DigiTech
121E	Jungsoft Co., Ltd
121F	Panini S.p.A.
1220	TC Electronic
1221	Unknown manufacturer
1222	TiPro
1223	SKYCABLE ENTERPRISE. CO., LTD.
1228	Datapaq Limited
1230	Chipidea-Microelectronica, S.A.
1233	Denver Electronics
1234	Brain Actuated Technologies
1235	Focusrite-Novation
1241	Belkin
1243	Holtek Semiconductor, Inc.
124A	AirVast
124B	Nyko (Honey Bee)
124C	MXI - Memory Experts International, Inc.
125C	Apogee Inc.
125D	JMicron
125F	A-DATA Technology Co., Ltd.
1260	Standard Microsystems Corp.
1264	Covidien Energy-based Devices
1266	Pirelli Broadband Solutions
1267	Logic3 / SpectraVideo plc
126C	Aristocrat Technologies
126D	Bel Stewart
126E	Strobe Data, Inc.
126F	TwinMOS
1274	Ensoniq
1275	Xaxero Marine Software Engineering, Ltd.
1278	Starlight Xpress
1283	zebris Medical GmbH
1286	Marvell Semiconductor, Inc.
1291	Qualcomm Flarion Technologies, Inc. / Leadtek Research, Inc.
1292	Innomedia
1293	Belkin Components [hex]
1294	RISO KAGAKU CORP.
1297	DekTec
129B	CyberTAN Technology
12A7	Trendchip Technologies Corp.
12AB	Honey Bee Electronic International Ltd.
12B8	Zhejiang Xinya Electronic Technology Co., Ltd.
12B9	E28
12BA	Licensed by Sony Computer Entertainment America
12BD	Gembird
12C4	Autocue Group Ltd
12CF	DEXIN
12D1	Huawei Technologies Co., Ltd.
12D2	LINE TECH INDUSTRIAL CO., LTD.
12D3	LINAK
12D6	EMS Dr. Thomas Wuensche
12D7	BETTER WIRE FACTORY CO., LTD.
12D8	Araneus Information Systems Oy
12E6	Waldorf Music GmbH
12EF	Tapwave, Inc.
12F2	ViewPlus Technologies, Inc.
12F5	Dynamic System Electronics Corp.
12F7	Memorex Products, Inc.
12FD	AIN Comm. Technology Co., Ltd
12FF	Fascinating Electronics, Inc.
1306	FM20 Barcode Scanner
1307	Transcend Information, Inc.
1308	Shuttle, Inc.
1310	Roper
1312	ICS Electronics
1313	ThorLabs
131D	Natural Point
1325	ams AG
132A	Envara Inc.
132B	Konica Minolta
133E	Kemper Digital GmbH
1342	Mobility
1343	Citizen Systems
1345	Sino Lite Technology Corp.
1347	Moravian Instruments
1348	Katsuragawa Electric Co., Ltd.
134C	PanJit International Inc.
134E	Digby's Bitpile, Inc. DBA D Bit
1357	P&E Microcomputer Systems
135E	Insta GmbH
135F	Control Development Inc.
1366	SEGGER
136B	STEC
136E	Andor Technology Ltd.
1370	Swissbit
1371	CNet Technology Inc.
1376	Vimtron Electronics Co., Ltd.
1377	Sennheiser electronic GmbH & Co. KG
137B	SCAPS GmbH
137C	YASKAWA ELECTRIC CORP.
1385	Netgear, Inc
138A	Validity Sensors, Inc.
138E	Jungo LTD
1390	TOMTOM B.V.
1391	IdealTEK, Inc.
1395	DSEA A/S
1397	BEHRINGER International GmbH
1398	Q-tec
13AD	Baltech
13B0	PerkinElmer Optoelectronics
13B1	Linksys
13B2	Alesis
13B3	Nippon Dics Co., Ltd.
13BA	PCPlay
13BE	Ricoh Printing Systems, Ltd.
13CA	JyeTai Precision Industrial Co., Ltd.
13CF	Wisair Ltd.
13D0	Techsan Electronics Co., Ltd.
13D1	A-Max Technology Macao Commercial Offshore Co. Ltd.
13D2	Shark Multimedia
13D3	IMC Networks
13D7	Guidance Software, Inc.
13DC	ALEREON, INC.
13DD	i.Tech Dynamic Limited
13E1	Kaibo Wire & Cable (Shenzhen) Co., Ltd.
13E5	Rane
13E6	TechnoScope Co., Ltd.
13EA	Hengstler
13EC	Zydacron
13EE	MosArt
13FD	Initio Corporation
13FE	Phison Electronics Corp.
1400	Axxion Group Corp.
1402	Bowe Bell & Howell
1403	Sitronix
1404	Fundamental Software, Inc.
1409	IDS Imaging Development Systems GmbH
140E	Telechips, Inc.
1410	Novatel Wireless
1415	Nam Tai E&E Products Ltd. or OmniVision Technologies, Inc.
1419	ABILITY ENTERPRISE CO., LTD.
1421	Sensor Technology
1424	Posnet Polska S.A.
1429	Vega Technologies Industrial (Austria) Co.
142A	Thales E-Transactions
142B	Arbiter Systems, Inc.
1430	RedOctane
1431	Pertech Resources, Inc.
1435	Wistron NeWeb
1436	Denali Software, Inc.
143C	Altek Corporation
1443	Digilent
1446	X.J.GROUP
1451	Force Dimension
1452	Dai Nippon Printing, Inc
1453	Radio Shack
1456	Extending Wire & Cable Co., Ltd.
1457	First International Computer, Inc.
145F	Trust
1460	Tatung Co.
1461	Staccato Communications
1462	Micro Star International
146B	BigBen Interactive
1472	Huawei-3Com
147A	Formosa Industrial Computing, Inc.
147E	Upek
147F	Hama GmbH & Co., KG
1482	Vaillant
1484	Elsa AG [hex]
1485	Silicom
1487	DSP Group, Ltd.
148E	EVATRONIX SA
148F	Ralink Technology, Corp.
1491	Futronic Technology Co. Ltd.
1493	Suunto
1497	Panstrong Company Ltd.
1498	Microtek International Inc.
149A	Imagination Technologies
14AA	WideView Technology Inc.
14AD	CTK Corporation
14AE	Printronix Inc.
14AF	ATP Electronics Inc.
14B0	StarTech.com Ltd.
14B2	Ralink Technology, Corp.
14C0	Rockwell Automation, Inc.
14C2	Gemlight Computer, Ltd
14C8	Zytronic
14CD	Super Top
14D8	JAMER INDUSTRIES CO., LTD.
14DD	Raritan Computer, Inc.
14E0	WiNRADiO Communications
14E1	Dialogue Technology Corp.
14E5	SAIN Information & Communications Co., Ltd.
14EA	Planex Communications
14ED	Shure Inc.
14F7	TechniSat Digital GmbH
1500	Ellisys
1501	Pine-Tum Enterprise Co., Ltd.
1504	Bixolon CO LTD
1508	Fibocom
1509	First International Computer, Inc.
1513	medMobile
1514	Actel
1516	CompUSA
1518	Cheshire Engineering Corp.
1519	Comneon
151F	Opal Kelly Incorporated
1520	Bitwire Corp.
1524	ENE Technology Inc
1527	Silicon Portals
1529	UBIQUAM Co., Ltd.
152A	Thesycon Systemsoftware & Consulting GmbH
152B	MIR Srl
152D	JMicron Technology Corp. / JMicron USA Technology Corp.
152E	LG (HLDS)
1532	Razer USA, Ltd
153B	TerraTec Electronic GmbH
1546	U-Blox AG
1547	SG Intec Ltd & Co KG
154A	Celectronic GmbH
154B	PNY
154D	ConnectCounty Holdings Berhad
154E	D&M Holdings, Inc. (Denon/Marantz)
154F	SNBC CO., Ltd
1554	Prolink Microsystems Corp.
1557	OQO
1568	Sunf Pu Technology Co., Ltd
156F	Quantum Corporation
1570	ALLTOP TECHNOLOGY CO., LTD.
157B	Ketron SRL
157E	TRENDnet
1582	Fiberline
1587	SMA Technologie AG
158D	Oakley Inc.
158E	JDS Uniphase Corporation (JDSU)
1598	Kunshan Guoji Electronics Co., Ltd.
15A2	Freescale Semiconductor, Inc.
15A4	Afatech Technologies, Inc.
15A8	Teams Power Limited
15A9	Gemtek
15AA	Gearway Electronics (Dong Guan) Co., Ltd.
15AD	VMware Inc.
15BA	Olimex Ltd.
15C0	XL Imaging
15C2	SoundGraph Inc.
15C5	Pressure Profile Systems, Inc.
15C6	Laboratoires MXM
15C8	KTF Technologies
15C9	D-Box Technologies
15CA	Textech International Ltd.
15D5	Coulomb Electronics Ltd.
15D9	Trust International B.V.
15DC	Hynix Semiconductor Inc.
15E0	Seong Ji Industrial Co., Ltd.
15E1	RSA
15E4	Numark
15E8	SohoWare
15E9	Pacific Digital Corp.
15EC	Belcarra Technologies Corp.
15F4	HanfTek
1604	Tascam
1605	ACCES I/O Products, Inc.
1606	Umax
1608	Inside Out Networks [hex]
160A	VIA Technologies, Inc.
160E	INRO
1614	Amoi Electronics
1617	Sony Corp.
1619	L & K Precision Technology Co., Ltd.
161C	Digitech Systems
1621	Wionics Research
1628	Stonestreet One, Inc.
162A	Airgo Networks Inc.
162F	WiQuest Communications, Inc.
1630	2Wire, Inc.
1631	Good Way Technology
1633	AIM GmbH
1645	Entrega [hex]
1649	SofTec Microsystems
164A	ChipX
164C	Matrix Vision GmbH
1657	Struck Innovative Systeme GmbH
165B	Frontier Design Group
165C	Kondo Kagaku
1660	Creatix Polymedia GmbH
1667	GIGA-TMS INC.
1668	Actiontec Electronics, Inc. [hex]
1669	PiKRON Ltd. [hex]
166A	Clipsal
1677	China Huada Integrated Circuit Design (Group) Co., Ltd. (CIDC Group)
1679	Total Phase
167B	Pure Digital Technologies, Inc.
1680	Golden Bridge Electech Inc.
1681	Prevo Technologies, Inc.
1682	Maxwise Production Enterprise Ltd.
1684	Godspeed Computer Corp.
1685	Delock
1686	ZOOM Corporation
1687	Kingmax Digital Inc.
1688	Saab AB
1689	Razer USA, Ltd
168C	Atheros Communications
1690	Askey Computer Corp. [hex]
1696	Hitachi Video and Information System, Inc.
1697	VTec Test, Inc.
16A5	Shenzhen Zhengerya Cable Co., Ltd.
16A6	Unigraf
16AB	Global Sun Technology
16AC	Dongguan ChingLung Wire & Cable Co., Ltd.
16B4	iStation
16B5	Persentec, Inc.
16C0	Van Ooijen Technische Informatica
16CA	Wireless Cables, Inc.
16CC	silex technology, Inc.
16D0	MCS
16D1	Suprema Inc.
16D3	Frontline Test Equipment, Inc.
16D5	AnyDATA Corporation
16D6	JABLOCOM s.r.o.
16D8	CMOTECH Co., Ltd.
16DC	Wiener, Plein & Baus
16DE	Telemecanique
16DF	King Billion Electronics Co., Ltd.
16F0	GN Hearing A/S
16F5	Futurelogic Inc.
1702	FDI-MATELEC
1706	BlueView Technologies, Inc.
1707	ARTIMI
170B	Swissonic
170D	Avnera
1711	Leica Microsystems
1724	Meyer Instruments (MIS)
1725	Vitesse Semiconductor
1726	Axesstel, Inc.
172F	Waltop International Corp.
1733	Cellink Technology Co., Ltd
1736	CANON IMAGING SYSTEM TECHNOLOGIES INC.
1737	802.11g Adapter [Linksys WUSB54GC v3]
173A	Roche
173D	QSENN
1740	Senao
1743	General Atomics
1748	MQP Electronics
174C	ASMedia Technology Inc.
174F	Syntek
1753	GERTEC Telecomunicacoes Ltda.
1756	ENENSYS Technologies
1759	LucidPort Technology, Inc.
1761	ASUSTek Computer, Inc. (wrong ID)
1770	MSI
1772	System Level Solutions, Inc.
1776	Arowana
1777	Microscan Systems, Inc.
177F	Sweex
1781	Multiple Vendors
1782	Spreadtrum Communications Inc.
1784	TopSeed Technology Corp.
1787	ATI AIB
1788	ShenZhen Litkconn Technology Co., Ltd.
178E	ASUSTek Computer, Inc. (wrong ID)
1796	Printrex, Inc.
1797	JALCO CO., LTD.
1799	Thales Norway A/S
179D	Ricavision International, Inc.
17A0	Samson Technologies Corp.
17A4	Concept2
17A5	Advanced Connection Technology Inc.
17A7	MICOMSOFT CO., LTD.
17A8	Kamstrup A/S
17B3	Grey Innovation
17B5	Lunatone
17BA	SAURIS GmbH
17C3	Singim International Corp.
17CC	Native Instruments
17CF	Hip Hing Cable & Plug Mfy. Ltd.
17D0	Sanford L.P.
17D3	Korea Techtron Co., Ltd.
17E9	DisplayLink
17EB	Cornice, Inc.
17EF	Lenovo
17F4	WaveSense
17F5	K.K. Rocky
17F6	Unicomp, Inc.
1809	Advantech
1822	Twinhan
1831	Gwo Jinn Industries Co., Ltd.
1832	Huizhou Shenghua Industrial Co., Ltd.
183D	VIVOphone
1843	Vaisala
1849	ASRock Incorporation
184F	K2L GmbH
1852	GYROCOM C&C Co., LTD
1854	Memory Devices Ltd.
185B	Compro
1861	Tech Technology Industrial Company
1862	Teridian Semiconductor Corp.
1870	Nexio Co., Ltd
1871	Aveo Technology Corp.
1873	Navilock
187C	Alienware Corporation
187F	Siano Mobile Silicon
1892	Vast Technologies, Inc.
1894	Topseed
1897	Evertop Wire Cable Co.
189F	3Shape A/S
18A4	CSSN
18A5	Verbatim, Ltd
18B1	Petalynx
18B4	e3C Technologies
18B6	Mikkon Technology Limited
18B7	Zotek Electronic Co., Ltd.
18C5	AMIT Technology, Inc.
18CD	Ecamm
18D1	Google Inc.
18D5	Starline International Group Limited
18D9	Kaba
18DC	LKC Technologies, Inc.
18DD	Planon System Solutions Inc.
18E3	Fitipower Integrated Technology Inc
18E8	Qcom
18EA	Matrox Graphics, Inc.
18EC	Arkmicro Technologies Inc.
18EF	ELV Elektronik AG
18F8	[Maxxter]
18FB	Scriptel Corporation
18FD	FineArch Inc.
1901	GE Healthcare
1908	GEMBIRD
190D	Motorola GSG
1914	Alco Digital Devices Limited
1915	Nordic Semiconductor ASA
191C	Innovative Technology LTD
1923	FitLinxx
1926	NextWindow
1928	Proceq SA
192F	Avago Technologies, Pte.
1930	Shenzhen Xianhe Technology Co., Ltd.
1931	Ningbo Broad Telecommunication Co., Ltd.
1934	Feature Integration Technology Inc. (Fintek)
1935	Elektron Music Machines
1938	Meinberg Funkuhren GmbH & Co. KG
1941	Dream Link
1943	Sensoray Co., Inc.
1949	Lab126, Inc.
194F	PreSonus Audio Electronics, Inc.
1951	Hyperstone AG
1953	Ironkey Inc.
1954	Radiient Technologies
195D	Itron Technology iONE
1963	IK Multimedia
1965	Uniden Corporation
1967	CASIO HITACHI Mobile Communications Co., Ltd.
196B	Wispro Technology Inc.
1970	Dane-Elec Corp. USA
1973	Spectralink Corporation
1975	Dongguan Guneetal Wire & Cable Co., Ltd.
1976	Chipsbrand Microelectronics (HK) Co., Ltd.
1977	T-Logic
197D	Leuze electronic
1980	Storage Appliance Corporation
1989	Nuconn Technology Corp.
198F	Beceem Communications Inc.
1990	Acron Precision Industrial Co., Ltd.
1995	Trillium Technology Pty. Ltd.
1996	PixeLINK
1997	Shenzhen Riitek Technology Co., Ltd
199B	MicroStrain, Inc.
199E	The Imaging Source Europe GmbH
199F	Benica Corporation
19A5	HARRIS Corp.
19A8	Biforst Technology Inc.
19AB	Bodelin
19AF	S Life
19B2	Batronix
19B4	Celestron
19B5	B & W Group
19B6	Infotech Logistic, LLC
19B9	Data Robotics
19C2	Futuba
19CA	Mindtribe
19CF	Parrot SA
19D1	BYD
19D2	ZTE WCDMA Technologies MSM
19DB	KFI Printers
19E1	WeiDuan Electronic Accessory (S.Z.) Co., Ltd.
19E8	Industrial Technology Research Institute
19EF	Pak Heng Technology (Shenzhen) Co., Ltd.
19F7	RODE Microphones
19FA	Gampaq Co.Ltd
19FD	MTI Instruments Inc.
19FF	Dynex
1A08	Bellwood International, Inc.
1A0A	USB-IF non-workshop
1A12	KES Co., Ltd.
1A1D	Veho
1A25	Amphenol East Asia Ltd.
1A2A	Seagate Branded Solutions
1A2C	China Resource Semico Co., Ltd
1A32	Quanta Microsystems, Inc.
1A34	ACRUX
1A36	Biwin Technology Ltd.
1A40	Terminus Technology Inc.
1A41	Action Electronics Co., Ltd.
1A44	VASCO Data Security International
1A4A	Silicon Image
1A4B	SafeBoot International B.V.
1A5A	Tandberg Data
1A61	Abbott Diabetes Care
1A64	Mastervolt
1A6A	Spansion Inc.
1A6D	SamYoung Electronics Co., Ltd
1A6E	Global Unichip Corp.
1A6F	Sagem Orga GmbH
1A72	Physik Instrumente
1A79	Bayer Health Care LLC
1A7B	Lumberg Connect GmbH & Co. KG
1A7C	Evoluent
1A7E	Meltec Systementwicklung
1A81	Holtek Semiconductor, Inc.
1A86	QinHeng Electronics
1A89	Dynalith Systems Co., Ltd.
1A8B	SGS Taiwan Ltd.
1A8D	BandRich, Inc.
1A98	Leica Camera AG
1AA4	Data Drive Thru, Inc.
1AA5	UBeacon Technologies, Inc.
1AA6	eFortune Technology Corp.
1AAB	Silvercreations Software AG
1AAD	KeeTouch
1AB1	Rigol Technologies
1AB2	Allied Vision
1ACB	Salcomp Plc
1ACC	Midiplus Co, Ltd.
1AD1	Desay Wire Co., Ltd.
1AD4	APS
1ADB	Schweitzer Engineering Laboratories, Inc
1AE4	ic-design Reinhard Gottinger GmbH
1AE7	X-TENSIONS
1AED	High Top Precision Electronic Co., Ltd.
1AEF	Conntech Electronic (Suzhou) Corporation
1AF1	Connect One Ltd.
1AF3	Kingsis Technology Corporation
1AFE	A. Eberle GmbH & Co. KG
1B04	Meilhaus Electronic GmbH
1B0E	BLUTRONICS S.r.l.
1B12	Eventide
1B1C	Corsair
1B1E	General Imaging / General Electric
1B1F	eQ-3 Entwicklung GmbH
1B20	MStar Semiconductor, Inc.
1B22	WiLinx Corp.
1B24	Telegent Systems, Inc.
1B26	Cellex Power Products, Inc.
1B27	Current Electronics Inc.
1B28	NAVIsis Inc.
1B32	Ugobe Life Forms, Inc.
1B36	ViXS Systems, Inc.
1B3B	iPassion Technology Inc.
1B3F	Generalplus Technology Inc.
1B47	Energizer Holdings, Inc.
1B48	Plastron Precision Co., Ltd.
1B52	ARH Inc.
1B59	K.S. Terminals Inc.
1B5A	Chao Zhou Kai Yuan Electric Co., Ltd.
1B65	The Hong Kong Standards and Testing Centre Ltd.
1B71	Fushicai
1B72	ATERGI TECHNOLOGY CO., LTD.
1B73	Fresco Logic
1B75	Ovislink Corp.
1B76	Legend Silicon Corp.
1B80	Afatech
1B86	Dongguan Guanshang Electronics Co., Ltd.
1B88	ShenMing Electron (Dong Guan) Co., Ltd.
1B8C	Altium Limited
1B8D	e-MOVE Technology Co., Ltd.
1B8E	Amlogic, Inc.
1B8F	MA LABS, Inc.
1B96	N-Trig
1B98	YMax Communications Corp.
1B99	Shenzhen Yuanchuan Electronic
1BA1	JINQ CHERN ENTERPRISE CO., LTD.
1BA2	Lite Metals & Plastic (Shenzhen) Co., Ltd.
1BA4	Ember Corporation
1BA6	Abilis Systems
1BA8	China Telecommunication Technology Labs
1BAD	Harmonix Music
1BAE	Vuzix Corporation
1BBB	T & A Mobile Phones
1BBD	Videology Imaging Solutions, Inc.
1BC0	Beijing Senseshield Technology Co.,Ltd.
1BC4	Ford Motor Co.
1BC5	AVIXE Technology (China) Ltd.
1BC7	Telit Wireless Solutions
1BCE	Contac Cable Industrial Limited
1BCF	Sunplus Innovation Technology Inc.
1BD0	Hangzhou Riyue Electronic Co., Ltd.
1BD5	BG Systems, Inc.
1BDA	University Of Southampton
1BDE	P-TWO INDUSTRIES, INC.
1BEF	Shenzhen Tongyuan Network-Communication Cables Co., Ltd
1BF0	RealVision Inc.
1BF5	Extranet Systems Inc.
1BF6	Orient Semiconductor Electronics, Ltd.
1BFD	TouchPack
1C02	Kreton Corporation
1C04	QNAP System Inc.
1C05	Shenxhen Stager Electric
1C0C	Ionics EMS, Inc.
1C0D	Relm Wireless
1C10	Lanterra Industrial Co., Ltd.
1C11	Input Club Inc.
1C13	ALECTRONIC LIMITED
1C1A	Datel Electronics Ltd.
1C1B	Volkswagen of America, Inc.
1C1F	Goldvish S.A.
1C20	Fuji Electric Device Technology Co., Ltd.
1C21	ADDMM LLC
1C22	ZHONGSHAN CHIANG YU ELECTRIC CO., LTD.
1C26	Shanghai Haiying Electronics Co., Ltd.
1C27	HuiYang D & S Cable Co., Ltd.
1C28	PMD Technologies
1C29	Elster GmbH
1C31	LS Cable Ltd.
1C34	SpringCard
1C37	Authorizer Technologies, Inc.
1C3D	NONIN MEDICAL INC.
1C3E	Wep Peripherals
1C40	EZPrototypes
1C49	Cherng Weei Technology Corp.
1C4B	Geratherm Medical AG
1C4F	SiGma Micro
1C57	Zalman Tech Co., Ltd.
1C6B	Philips & Lite-ON Digital Solutions Corporation
1C6C	Skydigital Inc.
1C71	Humanware Inc
1C73	AMT
1C75	Arturia
1C77	Kaetat Industrial Co., Ltd.
1C78	Datascope Corp.
1C79	Unigen Corporation
1C7A	LighTuning Technology Inc.
1C7B	LUXSHARE PRECISION INDUSTRY (SHENZHEN) CO., LTD.
1C82	Atracsys
1C83	Schomaecker GmbH
1C87	2N TELEKOMUNIKACE a.s.
1C88	Somagic, Inc.
1C89	HONGKONG WEIDIDA ELECTRON LIMITED
1C8E	ASTRON INTERNATIONAL CORP.
1C98	ALPINE ELECTRONICS, INC.
1C9E	OMEGA TECHNOLOGY
1CA0	ACCARIO Inc.
1CA1	Symwave
1CAC	Kinstone
1CB3	Aces Electronic Co., Ltd.
1CB4	OPEX CORPORATION
1CB6	IdeaCom Technology Inc.
1CBE	Luminary Micro Inc.
1CBF	FORTAT SKYMARK INDUSTRIAL COMPANY
1CC0	PlantSense
1CCA	NextWave Broadband Inc.
1CCD	Bodatong Technology (Shenzhen) Co., Ltd.
1CD4	adp corporation
1CD5	Firecomms Ltd.
1CD6	Antonio Precise Products Manufactory Ltd.
1CDE	Telecommunications Technology Association (TTA)
1CDF	WonTen Technology Co., Ltd.
1CE0	EDIMAX TECHNOLOGY CO., LTD.
1CE1	Amphenol KAE
1CF1	Dresden Elektronik
1CFC	ANDES TECHNOLOGY CORPORATION
1CFD	Flextronics Digital Design Japan, LTD.
1D03	iCON
1D07	Solid-Motion
1D08	NINGBO HENTEK DRAGON ELECTRONICS CO., LTD.
1D09	TechFaith Wireless Technology Limited
1D0A	Johnson Controls, Inc. The Automotive Business Unit
1D0B	HAN HUA CABLE & WIRE TECHNOLOGY (J.X.) CO., LTD.
1D0D	TDKMedia
1D0F	Sonix Technology Co., Ltd.
1D14	ALPHA-SAT TECHNOLOGY LIMITED
1D17	C-Thru Music Ltd.
1D19	Dexatek Technology Ltd.
1D1F	Diostech Co., Ltd.
1D20	SAMTACK INC.
1D27	ASUS
1D34	Dream Cheeky
1D45	Touch
1D4D	PEGATRON CORPORATION
1D50	OpenMoko, Inc.
1D57	Xenta
1D5B	Smartronix, Inc.
1D5C	Fresco Logic
1D6B	Linux Foundation
1D88	Mahr GmbH
1D90	Citizen
1D9D	Sigma Sport
1DD2	Leo Bodnar Electronics Ltd
1DD3	Dajc Inc.
1DE1	Actions Microelectronics Co.
1DE6	MICRORISC s.r.o.
1DF7	SDRplay
1E0E	Qualcomm / Option
1E10	Point Grey Research, Inc.
1E17	Mirion Technologies Dosimetry Services Division
1E1D	Kanguru Solutions
1E1F	INVIA
1E29	Festo AG & Co. KG
1E2D	Gemalto M2M GmbH
1E3D	Chipsbank Microelectronics Co., Ltd
1E41	Cleverscope
1E44	SHIMANO INC.
1E4E	Cubeternet
1E54	TypeMatrix
1E68	TrekStor GmbH & Co. KG
1E71	NZXT
1E74	Coby Electronics Corporation
1E7B	Zurich Instruments
1E7D	ROCCAT
1E8E	Airbus Defence and Space
1E91	Other World Computing
1EA7	SHARKOON Technologies GmbH
1EAB	Fujian Newland Computer Co., Ltd
1EAF	Leaflabs
1EB8	Modacom Co., Ltd.
1EBB	NuCORE Technology, Inc.
1ECB	AMTelecom
1ED8	FENDER MUSICAL INSTRUMENTS CORPORATION
1EDA	AirTies Wireless Networks
1EDB	Blackmagic design
1EE8	ONDA COMMUNICATION S.p.a.
1EF6	EADS Deutschland GmbH
1F0C	CMX Systems
1F28	Cal-Comp
1F3A	Allwinner Technology
1F44	The Neat Company
1F48	H-TRONIC GmbH
1F4D	G-Tek Electronics Group
1F52	Systems & Electronic Development FZCO (SEDCO)
1F6F	Aliph
1F75	Innostor Technology Corporation
1F82	TANDBERG
1F84	Alere, Inc.
1F87	Stantum
1F9B	Ubiquiti Networks, Inc.
1FAB	Samsung Opto-Electroncs Co., Ltd.
1FAC	Franklin Wireless
1FAE	Lumidigm
1FB2	Withings
1FBA	DERMALOG Identification Systems GmbH
1FBD	Delphin Technology AG
1FC9	NXP Semiconductors
1FDE	ILX Lightwave Corporation
1FE7	Vertex Wireless Co., Ltd.
1FF7	CVT Electronics.Co.,Ltd
1FFB	Pololu Corporation
1FFF	Ideofy Inc.
2000	CMX Systems
2001	D-Link Corp.
2002	DAP Technologies
2003	detectomat
2006	LenovoMobile
2009	iStorage
200C	Reloop
2013	PCTV Systems
2018	Deutsche Telekom AG
2019	PLANEX
201E	Haier
203A	PARALLELS
203D	Encore Electronics Inc.
2040	Hauppauge
2047	Texas Instruments
2058	Nano River Technology
2077	Taicang T&W Electronics Co. Ltd
2080	Barnes & Noble
2086	SIMPASS
2087	Cando
20A0	Clay Logic
20B1	XMOS Ltd
20B3	Hanvon
20B7	Qi Hardware
20BC	ShenZhen ShanWan Technology Co., Ltd.
20CE	Minicircuits
20DF	Simtec Electronics
20F0	L3Harris Technologies
20F1	NET New Electronic Technology GmbH
20F4	TRENDnet
20F7	XIMEA
2100	RT Systems
2101	ActionStar
2104	Tobii Technology AB
2107	RDING TECH CO.,LTD
2109	VIA Labs, Inc.
2113	Softkinetic
2116	KT Tech
211F	CELOT Corporation
2123	Cheeky Dream
2125	Fiberpro Inc.
2133	signotec GmbH
2149	Advanced Silicon S.A.
214B	Huasheng Electronics
214E	Swiftpoint
2162	Broadxent (Creative Labs)
2166	JVC Kenwood
2184	GW Instek
2188	No brand
219C	Seal One AG
21A1	Emotiv Systems Pty. Ltd.
21A4	Electronic Arts Inc.
21A9	Saleae, Inc.
21AB	Planeta Informatica
21B4	AudioQuest
21D6	Agecodagis SARL
2207	Fuzhou Rockchip Electronics Company
221A	ZTEX GmbH
2222	MacAlly
2226	Copper Mountain technologies
2227	SAMWOO Enterprise
222A	ILI Technology Corp.
2230	Plugable
2232	Silicon Motion
2233	RadioShack Corporation
2237	Kobo Inc.
2245	Aspeed Technology, Inc.
224F	APDM
2256	Faderfox
225D	Morpho
226E	DISPLAX
228D	8D Technologies inc.
22A4	VERZO Technology
22A6	Pie Digital, Inc.
22A7	Fortinet Technologies
22B1	Secret Labs LLC
22B8	Motorola PCS
22B9	eTurboTouch Technology, Inc.
22BA	Technology Innovation Holdings, Ltd
22C9	StepOver GmbH
22CD	Kinova Robotics Inc.
22D4	Laview Technology
22D9	OPPO Electronics Corp.
22DB	Phase One
22DC	Mellanox Technologies
22DE	WeTelecom Incorporated
22DF	Medicom MTD, Ltd
22E0	secunet Security Networks AG
22E8	Cambridge Audio
2304	Pinnacle Systems, Inc.
2309	TimeLink Technology Co., Ltd
230D	Teracom
2314	INQ Mobile
2318	Shining Technologies, Inc. [hex]
2319	Tronsmart
232B	Pantum Ltd.
232E	EA Elektro-Automatik GmbH & Co. KG
2340	Teleepoch
2341	Arduino SA
2349	P2 Engineering Group, LLC
234B	Free Software Initiative of Japan
2357	TP-Link
2366	Bitmanufaktur GmbH
2367	Teenage Engineering
2368	Peterson Electro-Musical Products Inc.
236A	SiBEAM
2373	Pumatronix Ltda
2375	Digit@lway, Inc.
2378	OnLive
237D	Cradlepoint
2386	Raydium Corporation
238B	Hytera Communications
239A	Adafruit
23A0	BIFIT
23A6	Tronical Components GmbH
23B4	Dental Wings Inc.
23C7	Gemini
23FC	SesKion GmbH
2405	Custom Computer Services, Inc
2406	SANHO Digital Electronics Co., Ltd.
2420	IRiver
242E	Vossloh-Schwabe Deutschland GmbH
2433	ASETEK
2443	Aessent Technology Ltd
2457	Ocean Optics Inc.
2458	Bluegiga Technologies
245F	Chord Electronics Limited
2464	Nest
2466	Fractal Audio Systems
2476	YEI Technology
2478	Tripp-Lite
248A	Maxxter
249C	M2Tech s.r.l.
24A4	Primare AB
24AE	Shenzhen Rapoo Technology Co., Ltd.
24C0	Chaney Instrument
24C6	ThrustMaster, Inc.
24CF	Lytro, Inc.
24DC	Aladdin R.D.
24E0	Yoctopuce Sarl
24E1	Paratronic
24E3	K-Touch
24EA	Meva
24ED	Zen Group
24F0	Metadot
24FF	Acroname Inc.
2500	Ettus Research LLC
2516	Cooler Master Co., Ltd.
2520	ANA-U GmbH
2527	Software Bisque
2537	Norelsys
2544	Energy Micro AS
2546	Ravensburger
2548	Pulse-Eight
254E	SHF Communication Technologies AG
2554	ASSA ABLOY AB
2555	Basis Science Inc.
255E	Beijing Bonxeon Technology Co., Ltd.
2560	e-con Systems
2563	ShenZhen ShanWan Technology Co., Ltd.
256B	Perreaux Industries Ltd
256F	3Dconnexion
2573	ESI Audiotechnik GmbH
2574	AVer Information, Inc.
2575	Weida Hi-Tech Co., Ltd.
2576	AFO Co., Ltd.
2578	Pluscom
2581	Plug-up
258D	Sequans Communications
259A	TriQuint Semiconductor
25A7	Areson Technology Corp
25B5	FlatFrog
25BB	Brunner Elektronik AG
25BF	Elegant Invention
25C4	ARCAM
25C6	Vitus Audio (AVA Group A/S)
25C8	Visual Planet Ltd
25DA	Netatmo
25DD	Bit4id Srl
25E3	Lumigon
25F0	ShanWan
25FB	Pentax Ricoh Imaging Co., Ltd
2604	Tenda
2625	MilDef AB
2626	Aruba Networks
262A	SAVITECH Corp.
2632	TwinMOS
2639	Xsens
264A	Thermaltake
2650	Electronics For Imaging, Inc. [hex]
2659	Sundtek
2662	Moog Music Inc.
266E	Silicon Integrated Systems
2672	GoPro
2676	Basler AG
2685	Cardo Peripheral Systems LTD
2687	Fitbit Inc.
2689	StepOver International GmbH
268B	Dimension Engineering
26A9	Research Industrial Systems Engineering
26AA	Yaesu Musen
26B5	Electrocompaniet
26BD	Integral Memory
26E2	Ingenieurbuero Dietzsch und Thiele, PartG
26F2	Micromega
2707	Bardac Corporation
270D	Rosand Technologies
2717	Xiaomi Inc.
272A	StarLeaf Ltd.
272C	Signum Systems
2730	Citizen
2735	DigitalWay
273F	Hughski Limited
2756	Victor Hasselblad AB
2759	Philip Morris Products S.A.
2765	Firstbeat Technologies, Ltd.
2766	LifeScan
2770	NHJ, Ltd
27A8	Square, Inc.
27B8	ThingM
27BD	Codethink Ltd.
27C0	Cadwell Laboratories, Inc.
27C6	Shenzhen Goodix Technology Co.,Ltd.
27D4	Blackstar Amplification Limited
27DD	Mindeo
27F2	Softnautics LLP
2803	StarLine LLC.
2806	SIMPASS
2817	Signal Hound, Inc.
2818	Codex Digital Limited
2821	ASUSTek Computer Inc.
2822	REFLEXdigital
2833	Oculus VR, Inc.
2836	OUYA
286B	STANEO SAS
2886	Seeed Technology Co., Ltd.
2890	Teknic, Inc
2899	Toptronic Industrial Co., Ltd
289B	Dracal/Raphnet technologies
289D	Seek Thermal, Inc.
28BD	XP-Pen
28C7	Ultimaker B.V.
28D4	Devialet
28DE	Valve Software
28E0	PT. Prasimax Inovasi Teknologi
28E9	GDMicroelectronics
28F3	Clover Network, Inc.
28F9	Profitap HQ BV
290C	R. Hamilton & Co. Ltd.
2912	Audioengine
2916	Yota Devices
2931	Jolla Oy
2939	Zaber Technologies Inc.
2957	Obsidian Research Corporation
2961	Miselu
296B	Xacti Corporation
2972	FiiO Electronics Technology
298D	Next Biometrics
29BD	Silicon Works
29C1	Taztag
29C2	Lewitt GmbH
29C3	Noviga
29E2	Huatune Technology (Shanghai) Co., Ltd.
29E7	Brunel University
29E8	4Links Limited
29EA	Kinesis Corporation
29F1	Canaan Creative Co., Ltd
2A03	dog hunter AG
2A0E	Shenzhen DreamSource Technology Co., Ltd.
2A13	Grabba International
2A19	Numato Systems Pvt. Ltd
2A1D	Oxford Nanopore Technologies plc
2A37	RTD Embedded Technologies, Inc.
2A39	RME
2A3C	Trinamic Motion Control GmbH & Co KG
2A45	Meizu Corp.
2A47	Mundo Reader, S.L.
2A4B	EMULEX Corporation
2A62	Flymaster Avionics
2A6E	Bare Conductive
2A70	OnePlus Technology (Shenzhen) Co., Ltd.
2A88	DFU Technology Ltd
2A8D	Keysight Technologies, Inc.
2AB6	T+A elektroakustik GmbH & Co KG, Germany
2AC7	Ultrahaptics Ltd.
2AD1	Picotronic GmbH
2AE5	Fairphone B.V.
2AEC	Ambiq Micro, Inc.
2AF4	ROLI Ltd.
2B03	STEREOLABS
2B0E	LeEco
2B23	Red Hat, Inc.
2B24	KeepKey LLC
2B3E	NewAE Technology Inc.
2B4C	ZUK
2BC5	Orbbec 3D Technology International, Inc
2BCC	InoTec GmbH Organisationssysteme
2BD6	Coroware, Inc.
2BD8	ROPEX Industrie-Elektronik GmbH
2C02	Planex Communications
2C1A	Dolphin Peripherals
2C23	Supermicro Computer Incorporated
2C4E	Mercucys INC
2C4F	Canon Electronic Business Machines Co., Ltd.
2C55	Magic Leap, Inc.
2C7C	Quectel Wireless Solutions Co., Ltd.
2C97	Ledger
2C99	Prusa
2C9C	Vayyar Imaging Ltd.
2C9D	Nod Inc
2CA3	DJI Technology Co., Ltd.
2CB7	Fibocom
2CC0	Hangzhou Zero Zero Infinity Technology Co., Ltd.
2CC2	Lautsprecher Teufel GmbH
2CCF	Hypersecu
2CD9	Cambrionix Ltd
2CDC	Sea & Sun Technology GmbH
2CE5	InX8 Inc [AKiTiO]
2CF0	Nuand LLC
2D1F	Wacom Taiwan Information Co. Ltd.
2D25	Kronegger GmbH.
2D2D	proxmark.org
2D37	Zhuhai Poskey Technology Co.,Ltd
2D6B	NetUP Inc.
2D81	Evollve Inc.
2D84	Zhuhai Poskey Technology Co.,Ltd
2DC8	8BitDo
2DCF	Dialog Semiconductor
2DEF	Kirale Technologies
2DF2	LIPS Corporation
2E04	HMD Global
2E0E	Hatteland Display AS
2E24	Hyperkin
2E3B	uSens Inc.
2E57	MEGWARE Computer Vertrieb und Service GmbH
2E69	Swift Navigation
2E95	SCUF Gaming
2ECC	ASR Microelectronics
2F76	KeyXentic Inc.
2FAD	Definium Technologies
2FB0	Infocrypt
2FB2	Fujitsu, Ltd
2FC0	Sensidyne, LP
2FC6	Comtrue Inc.
2FE0	Xaptum, Inc.
2FE3	NordicSemiconductor
2FE7	ELGIN S.A.
2FEB	Beijing Veikk E-Commerce Co., Ltd.
2FF4	Quixant Plc
3016	Boundary Devices, LLC
3036	Control iD
3037	Beijing Chushifengmang Technology Development Co.,Ltd.
3057	Kingsis Corporation
308F	Input Club
30A4	Blues Wireless
30C2	UNPARALLEL Innovation, Lda
30C9	Luxvisions Innotech Limited
30EE	Fujitsu Connected Technologies Limited
30F2	Varex Imaging
3111	Hiperscan GmbH
3112	Meteca SA
3125	Eagletron
3136	Navini Networks
3145	SafeLogic Inc.
3147	Tanvas, Inc.
316C	SigmaSense, LLC
316D	Purism, SPC
316E	SPECINFOSYSTEMS
3171	8086 Consultancy
3176	Whanam Electronics Co., Ltd
3195	Link Instruments
3197	Katusha
31C9	BeiJing LanXum Computer Technology Co., Ltd.
3200	Alcatel-Lucent Enterprise
3219	Smak Tecnologia e Automacao LTDA
321C	Premio, Inc.
324C	CUPRIS Ltd.
326D	Agile Display Solutions Co., Ltd
3275	VidzMedia Pte Ltd
3293	Unhuman Inc.
32B3	TEXA
3310	MUDITA Sp. z o.o.
3333	InLine
3334	AEI
3340	Yakumo
3344	Leaguer Microelectronics (LME)
3384	System76
348F	ISY
3504	Micro Star
3538	Power Quotient International Co., Ltd
3579	DIVA
357D	Sharkoon
3636	InVibro
3752	Arculus Holdings, LLC
3767	Fanatec
3838	WEM
3923	National Instruments Corp.
40BB	I-O Data
4101	i-rocks
4102	iRiver, Ltd.
413C	Dell Computer Corp.
4146	USBest Technology
4168	Targus
4242	USB Design by Example
4255	GoPro
4317	Broadcom Corp.
4348	WinChipHead
4572	Shuttle, Inc.
4586	Panram
4670	EMS Production
46F4	QEMU
4752	Miditech
4757	GW Instek
4766	Aceeca
4855	Memorex
4971	SimpleTech
4D46	Musical Fidelity
5032	Grandtec
50C2	Averatec (?)
5131	MSR
5173	Sweex
5219	I-Tetra
5332	Clearly Superior Technologies, Inc.
5345	Owon
534C	SatoshiLabs
534D	MacroSilicon
5354	Meyer Instruments (MIS)
544D	Transmeta Corp.
5543	UC-Logic Technology Corp.
5555	Epiphan Systems Inc.
55AA	OnSpec Electronic, Inc.
5654	Gotview
5656	Uni-Trend Group Limited
595A	IRTOUCHSYSTEMS Co. Ltd.
5986	Bison Electronics Inc.
59E3	Nonolith Labs
5A57	Zinwell
6000	Beholder International Ltd.
601A	Ingenic Semiconductor Ltd.
6022	Xektek
6189	Sitecom
6244	LightingSoft AG
6253	TwinHan Technology Co., Ltd
636C	CoreLogic, Inc.
6472	Sony Corp.
6547	Arkmicro Technologies Inc.
6557	Emtec
6615	IRTOUCHSYSTEMS Co. Ltd.
6666	Prototype product Vendor ID
6677	WiseGroup, Ltd.
675D	Humanscale
6891	3Com
695C	Opera1
6993	Yealink Network Technology Co., Ltd.
6A75	Shanghai Jujo Electronics Co., Ltd
7104	CME (Central Music Co.)
726C	StackFoundry LLC
7302	Solinftec
734C	TBS Technologies China
7373	Beijing STONE Technology Co. Ltd.
7392	Edimax Technology Co., Ltd
73D8	Progeny Dental Equipment Specialists
7669	Venable Instruments
7825	Other World Computing
8070	ACCES I/O Products, Inc.
8086	Intel Corp.
8087	Intel Corp.
80EE	VirtualBox
8282	Keio
8301	Hapurs
8341	EGO Systems, Inc.
8564	Transcend Information, Inc.
8644	Intenso GmbG
8E06	CH Products, Inc.
8EA3	Doosl
9016	Sitecom
9022	TeVii Technology Ltd.
9148	GeoLab, Ltd
9516	Studiologic
9710	MosChip Semiconductor
9849	Bestmedia CD Recordable GmbH & Co. KG
9886	Astro Gaming
9999	Odeon
99FA	Grandtec
9AC4	J. Westhues
9E88	Marvell Semiconductor, Inc.
A014	Insignia (Best Buy)
A108	Ingenic Semiconductor Co.,Ltd
A128	AnMo Electronics Corp. / Dino-Lite (?)
A168	AnMo Electronics Corporation
A466	Haikou Xingong Electronics Co.,Ltd
A600	ASIX s.r.o.
A727	3Com
A88A	Clas Ohlsson
AAAA	MXT
AB12	aplic
ABCD	LogiLink
B58E	Blue Microphones
BA77	Clockmaker
C216	Card Device Expert Co., LTD
C251	Keil Software, Inc.
C502	AGPTek
CACE	CACE Technologies Inc.
CD12	SMART TECHNOLOGY INDUSTRIAL LTD.
D208	Ultimarc
D209	Ultimarc
D904	LogiLink
E2B7	Jie Li
E4E4	Xorcom Ltd.
EB03	MakingThings
EB1A	eMPIA Technology, Inc.
EB2A	KWorld
EF18	SMART TECHNOLOGY INDUSTRIAL LTD.
F003	Hewlett Packard
F007	Teslong
F182	Leap Motion
F3F0	CCT, Inc
F4EC	Atten Electronics / Siglent Technologies
F4ED	Shenzhen Siglent Co., Ltd.
F766	Hama
FA11	DyingLight
FC08	Conrad Electronic SE
FF00	Power Delivery
FFEE	FNK Tech
