000015231212EFDE1523785FEABCD123	Nordic LED and Button Service
000015301212EFDE1523785FEABCD123	Legacy DFU Service
000016231212EFDE1623785FEABCD123	LEGO® Wireless Protocol v3 Hub Service
000016251212EFDE1623785FEABCD123	LEGO® Wireless Protocol v3 Bootloader Service
0000180000001000800000805F9B34FB	Generic Access
0000180100001000800000805F9B34FB	Generic Attribute
0000180200001000800000805F9B34FB	Immediate Alert
0000180300001000800000805F9B34FB	Link Loss
0000180400001000800000805F9B34FB	Tx Power
0000180500001000800000805F9B34FB	Current Time Service
0000180600001000800000805F9B34FB	Reference Time Update Service
0000180700001000800000805F9B34FB	Next DST Change Service
0000180800001000800000805F9B34FB	Glucose
0000180900001000800000805F9B34FB	Health Thermometer
0000180A00001000800000805F9B34FB	Device Information
0000180D00001000800000805F9B34FB	Heart Rate
0000180E00001000800000805F9B34FB	Phone Alert Status Service
0000180F00001000800000805F9B34FB	Battery Service
0000181000001000800000805F9B34FB	Blood Pressure
0000181100001000800000805F9B34FB	Alert Notification Service
0000181200001000800000805F9B34FB	Human Interface Device
0000181300001000800000805F9B34FB	Scan Parameters
0000181400001000800000805F9B34FB	Running Speed and Cadence
0000181500001000800000805F9B34FB	Automation IO
0000181600001000800000805F9B34FB	Cycling Speed and Cadence
0000181800001000800000805F9B34FB	Cycling Power
0000181900001000800000805F9B34FB	Location and Navigation
0000181A00001000800000805F9B34FB	Environmental Sensing
0000181B00001000800000805F9B34FB	Body Composition
0000181C00001000800000805F9B34FB	User Data
0000181D00001000800000805F9B34FB	Weight Scale
0000181E00001000800000805F9B34FB	Bond Management Service
0000181F00001000800000805F9B34FB	Continuous Glucose Monitoring
0000182000001000800000805F9B34FB	Internet Protocol Support Service
0000182100001000800000805F9B34FB	Indoor Positioning
0000182200001000800000805F9B34FB	Pulse Oximeter Service
0000182300001000800000805F9B34FB	HTTP Proxy
0000182400001000800000805F9B34FB	Transport Discovery
0000182500001000800000805F9B34FB	Object Transfer Service
0000182600001000800000805F9B34FB	Fitness Machine
0000182700001000800000805F9B34FB	Mesh Provisioning Service
0000182800001000800000805F9B34FB	Mesh Proxy Service
0000182900001000800000805F9B34FB	Reconnection Configuration
0000183A00001000800000805F9B34FB	Insulin Delivery
0000183B00001000800000805F9B34FB	Binary Sensor
0000183C00001000800000805F9B34FB	Emergency Configuration
0000183E00001000800000805F9B34FB	Physical Activity Monitor
0000184300001000800000805F9B34FB	Audio Input Control
0000184400001000800000805F9B34FB	Volume Control
0000184500001000800000805F9B34FB	Volume Offset Control
0000184600001000800000805F9B34FB	Coordinated Set Identification
0000184700001000800000805F9B34FB	Device Time
0000184800001000800000805F9B34FB	Media Control
0000184900001000800000805F9B34FB	Generic Media Control
0000184A00001000800000805F9B34FB	Constant Tone Extension
0000184B00001000800000805F9B34FB	Telephone Bearer
0000184C00001000800000805F9B34FB	Generic Telephone Bearer
0000184D00001000800000805F9B34FB	Microphone Control
0000184E00001000800000805F9B34FB	Audio Stream Control
0000184F00001000800000805F9B34FB	Broadcast Audio Scan
0000185000001000800000805F9B34FB	Published Audio Capabilities
0000185100001000800000805F9B34FB	Basic Audio Announcement
0000185200001000800000805F9B34FB	Broadcast Audio Announcement
0000185300001000800000805F9B34FB	Common Audio
0000185400001000800000805F9B34FB	Hearing Access
0000185500001000800000805F9B34FB	Telephony and Media Audio
0000185600001000800000805F9B34FB	Public Broadcast Announcement
0000185700001000800000805F9B34FB	Electronic Shelf Label
0000185800001000800000805F9B34FB	Gaming Audio
0000185900001000800000805F9B34FB	Mesh Proxy Solicitation
0000185B00001000800000805F9B34FB	Ranging Service (RAS)
0000FCB200001000800000805F9B34FB	Location Enabled Advertisement Service
0000FD0D00001000800000805F9B34FB	Blecon Advertising Service
0000FD6F00001000800000805F9B34FB	Exposure Notification Service
0000FE0F00001000800000805F9B34FB	Signify Netherlands B.V. (formerly Philips Lighting) Service
0000FE2C00001000800000805F9B34FB	Fast Pair Service
0000FE5900001000800000805F9B34FB	Secure DFU Service
0000FEAA00001000800000805F9B34FB	Eddystone
0000FEBB00001000800000805F9B34FB	File Transfer Service by Adafruit
0483DADD6C9D6CA95D4103AD4FFF4ABB	Nordic Throughput Service
0FDA92B244A24AF284F5FA682BAA2B8D	Helium Hotspot Custom Service
14387800130C49E7B8772881C89CB258	Nordic Wi-Fi Provisioning Service
21490000494A457398AFF126AF76F490	Nordic Direction and Distance Finding Service
54220000F6A54007A371722F4EBD8436	Memfault Diagnostic Service
57A70000935011EDA1EB0242AC120002	Nordic Status Message Service
6E400001B5A3F393E0A9E50E24DCCA9E	Nordic UART Service
7905F431B5CE4E99A40F4B1E122D00D0	Apple Notification Center Service
7DFC60007D1C495186AA8D9728F8D66C	Apple Reserved Service
7DFC70007D1C495186AA8D9728F8D66C	Apple Reserved Service
7DFC80007D1C495186AA8D9728F8D66C	Apple Reserved Service
7DFC90007D1C495186AA8D9728F8D66C	Apple Reserved Service
89D3502B0F36433A8EF4C502AD55F8DC	Apple Media Service
8D53DC1D1DB74CD3868B8A527460AA84	SMP Service
8E400001F3154F609FB8838830DAEA50	Experimental Buttonless DFU Service
932C32BD000047A2835AA8D455B859DD	Philips Hue Light Control Service
A3C875008ED34BDF8A39A01BEBEDE295	Eddystone Configuration Service
A5B463529D13479F9FCB3DCDF0A13F4D	Thingy Sensor Hub
ADAF0100C33242A893BD25E905756CB8	Adafruit Temperature Service
ADAF0200C33242A893BD25E905756CB8	Adafruit Accelerometer Service
ADAF0300C33242A893BD25E905756CB8	Adafruit Light Service
ADAF0400C33242A893BD25E905756CB8	Adafruit Gyroscope Service
ADAF0500C33242A893BD25E905756CB8	Adafruit Magnetometer Service
ADAF0600C33242A893BD25E905756CB8	Adafruit Button Service
ADAF0700C33242A893BD25E905756CB8	Adafruit Humidity Service
ADAF0800C33242A893BD25E905756CB8	Adafruit Barometric Service
ADAF0900C33242A893BD25E905756CB8	Adafruit Addressable Service
ADAF0A00C33242A893BD25E905756CB8	Adafruit Color Service
ADAF0B00C33242A893BD25E905756CB8	Adafruit Sound Service
ADAF0C00C33242A893BD25E905756CB8	Adafruit Tone Service
ADAF0D00C33242A893BD25E905756CB8	Adafruit Quaternion Service
ADAF0E00C33242A893BD25E905756CB8	Adafruit Proximity Service
B2007AAAC20343A58B6FA7F3D001A1E0	QuickStart Service
B8843ADD00004AA18794C3F462030BDA	Philips Hue Light Update Service
E2A00001EC314EC3A97A1C34D87E9878	Edge Impulse Remote Management Service
E95D0753251D470AA062FA1922DFA9A8	micro:bit Accelerometer Service
E95D127B251D470AA062FA1922DFA9A8	micro:bit IO Pin Service
E95D6100251D470AA062FA1922DFA9A8	micro:bit Temperature Service
E95D93AF251D470AA062FA1922DFA9A8	micro:bit Event Service
E95D93B0251D470AA062FA1922DFA9A8	micro:bit DFU Control Service
E95D9882251D470AA062FA1922DFA9A8	micro:bit Button Service
E95DD91D251D470AA062FA1922DFA9A8	micro:bit LED Service
E95DF2D8251D470AA062FA1922DFA9A8	micro:bit Magnetometer Service
EF6801009B3549339B1052FFA9740042	Thingy Configuration Service
EF6802009B3549339B1052FFA9740042	Thingy Weather Station Service
EF6803009B3549339B1052FFA9740042	Thingy UI Service
EF6804009B3549339B1052FFA9740042	Thingy Motion Service
EF6805009B3549339B1052FFA9740042	Thingy Sound Service
F000FFC004514000B000000000000000	Texas Instruments Over-the-Air Download (OAD) Service
